18 digit Property ID,ARC Program: ID,ARC Program: Program ID,Billing Code (AccPac),Operations Region,Property Name (formula),SEO Cost,Program Official Start,UA Code,View ID,Current Property Owner,Units
a072E00000XZc4rQAD,a2i2E000004uiwl,PGM-87640,2086,Central,Parkside Bella Terra,300,4/25/2019,UA-50039503-21,194469930,LivCor,342
a072E00000XZYr2QAH,a2i2E000004uiYt,PGM-87375,2077,Central,801 LasCo.,600,4/26/2019,UA-83547238-13,194325110,Pacific Life Insurance Company,422
a072E00000XZa9VQAT,a2i2E000004uiY2,PGM-87322,2083,Central,Archstone Toscano,900,4/25/2019,UA-50039503-18,194371468,Alliance Residential Company,474
a078000000VDZpwAAH,a2i80000003UAzX,PGM-69896,1863,Central,Broadstone Traditions,600,9/1/2018,UA-50039503-7,175502689,Alliance Residential Company,261
a078000000QDWHNAA5,a2i80000003Uysn,PGM-77607,1494,Central,Broadstone Woodmill Creek,300,6/29/2018,UA-69155700-1,178632607,UBS Realty Investors LLC,380
a078000000VFYsIAAX,a2i80000003U9Pz,PGM-69083,1818,Central,Broadstone Briar Forest,1200,3/16/2018,UA-50039503-8,171726956,Alliance Residential Company,342
a078000000W63hSAAR,a2i80000003URQT,PGM-74030,1871,Central,Broadstone Lofts at Hermann Park,300,9/13/2018,UA-50039503-12,181634063,Alliance Residential Company,380
a078000000W7UhhAAF,a2i80000003Uyex,PGM-77553,2043,Central,Broadstone Barker Cypress,1200,3/1/2019,UA-50039503-15,188832488,Alliance Residential Company,364
a078000000W5dgOAAR,a2i80000003UJwC,PGM-73487,1857,Central,La Costa Villas,300,6/18/2018,UA-83547238-9,177071738,Boston Capital,260
a078000000W5nyoAAB,a2i80000003ULJ5,PGM-73902,2115,Central,The Villages of Briar Forest,300,6/4/2018,UA-50039503-11,176395500,White Oak Partners,241
a078000000Tv45SAAR,a2i2E0000053Wwj,PGM-83024,1988,Central,Stella at Riverstone,600,1/25/2019,UA-50039503-5,178744348,Cardone Capital,351
a078000000TvLrwAAF,a2i80000003TlQA,PGM-63365,1881,Central,Broadstone Burnet,300,5/16/2018,UA-50024608-5,175521826,Alliance Residential Company,350
a078000000SpderAAB,a2i80000003TlII,PGM-62882,1806,Central,Broadstone Oak Hills,300,4/12/2018,UA-69125602-4,174632823,Alliance Residential Company,330
a078000000QDW44AAH,a2i800000048GxN,PGM-37624,1501,Central,Broadstone Energy Park,300,8/17/2017,UA-79862490-1,177352497,Alliance Residential Company,416
a078000000S01RpAAJ,a2i800000048GxK,PGM-37621,1542,Central,Avenue 900,300,9/9/2016,UA-83547238-1,178491222,Parkmeed Properties,300
a078000000S056pAAB,a2i800000048GxJ,PGM-37620,1525,Central,Settler's Gate,600,6/15/2017,UA-83701172-1,177301433,Rivendell Global Real Estate Inc.,432
a078000000TwtfaAAB,a2i800000048Gun,PGM-37464,1671,Central,Memorial Hills,300,12/19/2017,UA-50039503-6,193884885,Alliance Residential Company,308
a078000000P1bxfAAB,a2i800000048Gzg,PGM-37767,1211,Central,The Oaks at Techridge,300,9/5/2014,UA-54900438-1,174148543,"Belkorp Industries, Inc.",336
a078000000U1BEhAAN,a2i800000048Guv,PGM-37472,1669,Central,Celeste at La Cantera,300,8/1/2017,UA-69125602-2,184768504,USAA Real Estate Company,300
a078000000U16lrAAB,a2i800000048Gvy,PGM-37537,1667,Central,Braeswood Place,300,6/29/2017,UA-50039503-4,178509418,UBS Realty Investors LLC,340
a0780000003RypgAAC,a2i800000048H2H,PGM-37928,829,Central,Broadstone Ambrose,300,5/10/2014,UA-11685220-2,178504572,Prudential,338
a0780000003Ryq1AAC,a2i800000048H29,PGM-37920,1539,Central,Broadstone Grand Avenue,300,5/1/2017,UA-28665334-1,176672309,Jackson Square Properties,280
a078000000SpiwJAAR,a2i800000048Gws,PGM-37593,1595,Central,Benton Pointe,600,2/13/2018,UA-83547238-3,169760743,Rivendell Global Real Estate Inc.,456
a078000000SpY9QAAV,a2i800000048Gwn,PGM-37588,1587,Central,Bristol Heights,300,1/31/2019,UA-50024608-2,178518108,White Oak Partners,351
a078000000SpY9VAAV,a2i800000048Gwk,PGM-37585,1588,Central,Mandolin,300,6/15/2017,UA-83547238-4,178719280,White Oak Partners,486
a078000000SRQUtAAP,a2i800000048Gwc,PGM-37577,1597,Central,Equinox (TX),600,4/24/2017,UA-50039503-3,176645730,Alliance Residential Company,304
a078000000PhU0VAAV,a2i800000048GzI,PGM-37743,1275,Central,Agave at South Congress,300,2/12/2015,UA-58856612-1,176641290,FrontRange Capital Partners,195
a078000000QDAFaAAP,a2i800000048GzC,PGM-37737,1287,Central,Midtown Commons at Crestview Station Phase I,600,3/31/2015,UA-61648990-1,184732779,MIG Real Estate,316
a0780000002w4LvAAI,a2i800000048H0z,PGM-37848,1551,Central,City North at Sunrise Ranch,0,2/21/2018,UA-33273899-1,176068817,Starlight Investments Ltd.,384
a078000000KoH2zAAF,a2i800000048H0p,PGM-37838,1005,Central,Somerset Townhomes,300,3/6/2015,UA-38154580-1,178656238,"Belkorp Industries, Inc.",123
a078000000PgKZsAAN,a2i800000048GzN,PGM-37748,1571,Central,The Monterra,300,2/21/2018,UA-57814915-1,176732719,Timbercreek,256
a0780000003RyqCAAS,a2i800000048H2e,PGM-37951,426,Central,Broadstone New Territory I,300,12/10/2015,UA-67068306-1,184680644,Harvest Equities,256
a0780000003RyqDAAS,a2i800000048H2d,PGM-37950,427,Central,Broadstone New Territory II,300,12/10/2015,UA-67068306-1,149547335,Harvest Equities,248
a0780000003RyqAAAS,a2i800000048H2Y,PGM-37945,991,Central,Broadstone Memorial,300,4/25/2014,UA-28312605-1,175028027,AEW Capital Management,401
a078000000QqlulAAB,a2i800000048GyO,PGM-37687,1396,Central,Pine Creek Ranch,300,1/7/2016,UA-72100128-1,176681595,MIG Real Estate,240
a078000000QDWHSAA5,a2i800000048GyE,PGM-37677,1384,Central,The Townhomes at Woodmill Creek,300,1/31/2018,UA-72828783-1,178641856,Alliance Residential Company,171
a078000000PigSrAAJ,a2i800000048Gy3,PGM-37666,1435,Central,Broadstone Farmer's Market,600,1/19/2016,UA-72186424-1,149234541,Alliance Residential Company,340
a078000000RpbjYAAR,a2i800000048Gxw,PGM-37659,1453,Central,Metro Midtown,600,4/29/2016,UA-76005744-1,178730323,Alliance Bernstein,419
a078000000QDWGyAAP,a2i800000048GwZ,PGM-37574,1552,Central,Broadstone Skyline,300,3/3/2017,UA-67059904-1,178522043,Alliance Residential Company,269
a078000000PhYk2AAF,a2i800000048Gz8,PGM-37733,1291,Central,Asher,300,4/15/2015,UA-61106011-1,174154707,Castle Lanterra Properties,452
a078000000PhBpZAAV,a2i800000048Gz5,PGM-37730,1488,Central,Broadstone 8 One Hundred,300,5/25/2016,UA-53200104-1,175466757,Jackson Square Properties,376
a078000000PhBssAAF,a2i800000048Gz1,PGM-37726,1273,Central,2626 Fountain View,300,4/24/2017,UA-50039503-1,178482103,Alliance Residential Company,281
a078000000QFJlzAAH,a2i800000048Gyz,PGM-37724,1317,Central,Portico Kirby,300,6/12/2015,UA-63736109-1,178507501,FrontRange Capital Partners,263
a078000000QDW9EAAX,a2i800000048Gxt,PGM-37656,1381,Central,Broadstone Falcon Landing,300,3/11/2016,UA-53195409-1,159128699,Alliance Residential Company,386
a078000000OKxoXAAT,a2i800000048Gxs,PGM-37655,1146,Central,Block 334,300,7/27/2017,UA-50019923-1,178452865,Alliance Residential Company,207
a078000000RqWsmAAF,a2i800000048Gxm,PGM-37649,1468,Central,The Standard (TX),300,11/15/2017,UA-77695010-1,177297802,Rivendell Global Real Estate Inc.,281
a078000000QDW9xAAH,a2i800000048Gxj,PGM-37646,1413,Central,Broadstone Harmony,300,2/21/2018,UA-74819106-1,178703323,Alliance Residential Company,273
a078000000RqO9nAAF,a2i800000048GvJ,PGM-37496,1666,Central,Broadstone LTD,300,6/1/2017,UA-83547238-5,178449017,Alliance Residential Company,308
a078000000OIgu3AAD,a2i800000048H08,PGM-37795,1139,Central,Autumn Ranch On Swenson Farms,300,4/13/2014,UA-47581314-1,164933276,MIG Real Estate,336
a078000000Kmy8gAAB,a2i800000048H00,PGM-37787,1316,Central,Post Oak,600,4/29/2014,UA-43404890-1,176632401,Strategic Capital Partners,272
a072E00000XZkR7QAL,a2i2E000004unWG,PGM-88011,2095,Central,Oaks at Greenview,300,5/14/2019,UA-50039503-24,195245621,White Oak Partners,300
a078000000PhBtRAAV,a2i80000003UIWC,PGM-73129,1882,Central,District 28,600,4/25/2018,UA-50039112-1,174122253,Prudential,299
a078000000WkFzNAAV,a2i800000053NBa,PGM-79888,1916,Central,Briar Meadows,300,9/12/2018,UA-50039503-13,182112446,Boston Capital,256
a072E00000XZdJUQA1,a2i2E000004ujJO,PGM-87693,2087,Central,Lenox Trails,300,4/25/2019,UA-50039503-22,194457806,LivCor,389
a072E00000WuqoSQAR,a2i2E000000c0Df,PGM-86633,2058,Central,Terrazzo,600,3/19/2019,UA-50024608-12,191998455,Rivendell Global Real Estate Inc.,224
a072E00000WuIXGQA3,a2i2E0000053XgH,PGM-83660,2003,Central,10XLiving,900,2/1/2019,UA-50024608-10,187391196,Cardone Capital,458
a078000000Qq0osAAB,a2i2E000005pB5b,PGM-90985,,Southern California,Broadstone Cavora,600,4/22/2019,UA-93239903-2,186857299,Clarion Partners,348
a078000000SpCq4AAF,a2i80000003UB3R,PGM-70118,1772,Southern California,625 Broadway,900,2/14/2019,UA-93239903-50,189301153,Westbrook Properties,237
a078000000W6KPCAA3,a2i80000003UXtn,PGM-74442,1873,Southern California,Eton at Warner Center,600,7/10/2018,UA-93239903-23,178353332,Crow Holdings,298
a078000000Wk8xKAAR,a2i80000003V3W5,PGM-79093,1944,Southern California,The Ashton,300,10/19/2018,UA-93239903-37,183940121,CapitaLand International,492
a078000000Wk8wlAAB,a2i80000003V3Ww,PGM-79146,1948,Southern California,Deerwood,300,10/17/2018,UA-93239903-38,183859524,CapitaLand International,316
a078000000Wk8wqAAB,a2i80000003V3Xs,PGM-79199,1945,Southern California,Marquessa Villas,300,10/17/2018,UA-93239903-39,183779516,CapitaLand International,336
a078000000TxbakAAB,a2i80000003TlNw,PGM-63227,1795,Southern California,Talaria,900,1/1/2019,UA-93239903-42,186447579,Cusumano Real Estate Group,241
a078000000VEGjGAAX,a2i80000003TlaW,PGM-63917,1801,Southern California,The Paseo at Town Center,300,1/25/2018,UA-93239903-14,186860159,AEW Capital Management,267
a078000000W5fPYAAZ,a2i80000003UK76,PGM-73782,1922,Southern California,Columbia Square Living,900,10/4/2018,UA-93239903-35,183320122,Kilroy Realty,200
a078000000QqKWgAAN,a2i800000048GxS,PGM-37629,1405,Southern California,Garey Building,600,3/7/2016,UA-70195413-1,178670179,Lowe Enterprises Real Estate Group,320
a078000000TxW9jAAF,a2i800000048Guj,PGM-37460,1742,Southern California,Mariner Square,300,12/27/2017,UA-93239903-13,188231533,Melia Homes,114
a078000000P0tdkAAB,a2i800000048Gzl,PGM-37772,1199,Southern California,Signature Point,600,8/4/2014,UA-93239903-5,189301153,Prudential,262
a078000000OzaqRAAR,a2i800000048Gzp,PGM-37776,1183,Southern California,Tribeca Urban,300,6/30/2014,UA-51930818-1,183249784,TriCal Construction,77
a078000000QoFlgAAF,a2i800000048Guu,PGM-37471,1403,Southern California,Eighteen Ten State St.,300,10/6/2017,UA-93239903-6,188023028,McMillin Development Company,99
a078000000NsMvlAAF,a2i800000048H0K,PGM-37807,1123,Southern California,Mission Grove Park,300,5/10/2014,UA-46152319-1,188672660,UBS Realty Investors LLC,432
a078000000PhzJoAAJ,a2i800000048GzG,PGM-37741,1279,Southern California,Boulevard on Wilshire,300,2/19/2015,UA-58889301-1,174130593,AEW Capital Management,95
a078000000H9QHRAA3,a2i800000048H1D,PGM-37862,923,Southern California,NoHo14,300,3/18/2016,UA-30922213-1,188073584,UBS Realty Investors LLC,180
a078000000P1tjkAAB,a2i800000048GzP,PGM-37750,1218,Southern California,Broadstone Candara Hancock Park,300,6/17/2016,UA-56830312-1,188069832,Prudential,103
a078000000PfpktAAB,a2i800000048GzJ,PGM-37744,1257,Southern California,Broadstone Corsair,600,11/30/2014,UA-59416222-1,154002942,Alliance Residential Company,360
a0780000003RyqxAAC,a2i800000048H2g,PGM-37953,187,Southern California,Jefferson at Carmel Mountain Ranch,300,2/14/2003,UA-43072365-1,164992920,BlackRock,277
a078000000AAGNLAA5,a2i800000048H1c,PGM-37887,1414,Southern California,Veda,300,9/18/2015,UA-33020173-1,153592356,Alliance Residential Company,236
a078000000PgHGHAA3,a2i800000048Gz7,PGM-37732,1258,Southern California,Broadstone Balboa Park,300,2/6/2015,UA-60304815-1,147993575,Clarion Partners,100
a0780000003RyrqAAC,a2i800000048H1v,PGM-37906,762,Southern California,Verona,300,4/24/2017,UA-50377017-1,183763504,Prudential,50
a078000000Qq0odAAB,a2i800000048Gv5,PGM-37482,1661,Southern California,Vinz on Fairfax,600,8/1/2018,UA-93239903-12,179234544,Alliance Residential Company,144
a078000000LnmYrAAJ,a2i800000048H05,PGM-37792,1224,Southern California,Broadstone Little Italy,300,4/29/2014,UA-47210889-1,183225847,Invesco Realty Advisors,199
a078000000OypcrAAB,a2i800000048Gzr,PGM-37778,1171,Southern California,APEX. The One.,600,6/4/2014,UA-51659805-1,169796068,UBS Realty Investors LLC,271
a072E00000WuZSqQAN,a2i2E0000053en8,PGM-85401,2034,Southern California,The Reserve at Seabridge,900,2/27/2019,UA-133590899-5,190633332,River Range LLC,75
a078000000QogphAAB,a2i2E0000053bmy,PGM-85089,2033,Southern California,Vineyards at Paseo Del Sol,300,2/28/2019,UA-67061102-1,172031627,LivCor,288
a072E00000Wu7qLQAR,a2i2E0000053Utf,PGM-81801,1965,Southern California,Ironwood (South),300,11/9/2018,UA-93239903-40,184773339,Crow Holdings,260
a072E00000Wu7qQQAR,a2i2E0000053UuW,PGM-81854,1964,Southern California,Capriana at Chino Hills,300,11/9/2018,UA-93239903-41,184881162,Invesco Realty Advisors,286
a078000000WpLmpAAF,a2i800000054gxU,PGM-79729,1924,Southern California,The Tower at Hollywood Hills,300,9/27/2018,UA-93239903-30,181636567,Clarion Partners,80
a078000000WpLmQAAV,a2i800000053NCR,PGM-79941,1923,Southern California,Crescent Park at Playa Vista,600,10/3/2018,UA-93239903-32,183154000,Clarion Partners,214
a078000000PgRZGAA3,a2i80000003UFj0,PGM-71369,1259,Southern California,Sway,300,12/15/2015,UA-60322808-1,188061058,Prudential,122
a078000000QE45aAAD,a2i800000053Qqp,PGM-80897,1949,Southern California,Fusion,600,11/7/2018,UA-91327653-34,185414586,Olympus Properties,280
a078000000Qru8vAAB,a2i2E0000053bnt,PGM-85141,2032,Southern California,Villas at Towngate,300,2/28/2019,UA-74965934-1,163162799,LivCor,394
a078000000WV7BiAAL,a2i80000003Uzpi,PGM-77767,1904,Southern California,nVe Fairfax,600,8/22/2018,UA-93239903-31,182493154,The Carlyle Group,63
a078000000VGA6RAAX,a2i80000003UDkr,PGM-70844,1831,Southern California,IDEA 1,300,4/2/2018,UA-93239903-19,175525969,Lowe Enterprises Real Estate Group,295
a0780000003RypyAAC,a2i80000003TnJc,PGM-64276,1783,Southwest,Broadstone Flamingo West,300,12/8/2017,UA-28080357-1,172008434,Blackstone Group,324
a078000000OzAA2AAN,a2i80000003UWRO,PGM-74325,1884,Southwest,Adobe Ridge,300,6/21/2018,UA-52402494-1,178741168,Aukum,224
a078000000UPvx5AAD,a2i80000003TdAu,PGM-62042,1773,Southwest,Avalon,300,12/28/2017,UA-86860765-13,186588819,"Pathfinder Partners, LLC",117
a078000000Wu5weAAB,a2i800000053UMr,PGM-81641,1968,Southwest,Dorsey Place,300,11/26/2018,UA-107271747-19,185534450,"Pathfinder Partners, LLC",90
a078000000VEGnaAAH,a2i80000003TlnX,PGM-64193,1793,Southwest,Village at Aspen Place,300,1/19/2018,UA-107271747-9,189964963,Van Trust (VT) Inc.,222
a078000000VD7KTAA1,a2i80000003Tbho,PGM-60472,1767,Southwest,Ascend at Kierland,300,10/26/2017,UA-107271747-4,189952149,The Bascom Group,364
a078000000VD7KYAA1,a2i80000003Tbiw,PGM-60542,1759,Southwest,Elite North Scottsdale,300,10/26/2017,UA-107271747-3,189930604,The Bascom Group,360
a078000000SpXReAAN,a2i80000003TlHB,PGM-62813,1789,Southwest,Elux at Tramonto,300,5/25/2018,UA-107271747-10,175962654,Snowdon Partners,138
a078000000S06oOAAR,a2i800000048GxO,PGM-37625,1523,Southwest,Broadstone Scottsdale Quarter,300,8/18/2016,UA-82744513-1,188428116,Invesco Realty Advisors,275
a078000000OL1ieAAD,a2i800000048Gzm,PGM-37773,1174,Southwest,Broadstone Waterfront,600,6/13/2014,UA-48943619-1,169065291,JP Morgan,259
a078000000QDAHmAAP,a2i800000048Gym,PGM-37711,1357,Southwest,Zocalo,300,10/19/2015,UA-70240003-1,188423721,Alliance Residential Company,54
a078000000TwkIJAAZ,a2i800000048Guz,PGM-37476,1677,Southwest,Park Place (AZ),900,10/2/2017,UA-86860765-12,161231490,Real Capital Solutions,230
a078000000U1E9EAAV,a2i800000048GvS,PGM-37505,1692,Southwest,Broadstone Paradise Valley,300,8/14/2017,UA-86860765-10,188430974,Alliance Residential Company,168
a078000000U1I5rAAF,a2i800000048GvL,PGM-37498,1689,Southwest,CityScape at Lakeshore,300,1/10/2018,UA-86860765-11,176644772,Aukum,214
a078000000QoFnXAAV,a2i800000048Gyb,PGM-37700,1353,Southwest,The Met at Fashion Center,600,9/14/2015,UA-67073804-1,153649712,HCW,303
a078000000RyrgyAAB,a2i800000048Gus,PGM-37469,1679,Southwest,Peak 16,600,9/1/2017,UA-86860765-6,189961473,Van Trust (VT) Inc.,233
a078000000TvxN6AAJ,a2i800000048GwG,PGM-37555,1622,Southwest,Crescent Highland,300,4/24/2017,UA-55890476-13,153370710,Crescent Communities,349
a078000000TwhJsAAJ,a2i800000048Gw5,PGM-37544,1658,Southwest,Solitude at Centennial,300,11/22/2017,UA-28080357-10,188422901,Kennedy Wilson,272
a078000000TwhJnAAJ,a2i800000048Gw4,PGM-37543,1657,Southwest,Monaco Park,300,9/29/2017,UA-28080357-9,188428499,Kennedy Wilson,284
a078000000TwhJdAAJ,a2i800000048Gw3,PGM-37542,1656,Southwest,Sunstone,300,9/27/2017,UA-28080357-8,188434227,Kennedy Wilson,184
a078000000KnJ8BAAV,a2i800000048H0S,PGM-37815,1417,Southwest,The Lincoln Scottsdale,300,4/30/2014,UA-43416812-1,151562570,Property Reserve Inc.,264
a078000000TvA4IAAV,a2i800000048Gwi,PGM-37583,1609,Southwest,Vue at Centennial,300,1/26/2017,UA-28080357-4,174134632,Blue Marble Development,372
a078000000HpdVAAAZ,a2i800000048H15,PGM-37854,913,Southwest,San Tierra,300,6/15/2016,UA-28259906-1,174117731,"Belkorp Industries, Inc.",284
a0780000002w4QAAAY,a2i800000048H0x,PGM-37846,1593,Southwest,La Ventana,300,4/4/2018,UA-36480102-1,189904098,Millburn & Company,232
a0780000003RypeAAC,a2i800000048H1Q,PGM-37875,1296,Southwest,The Bristol at Sunset,300,4/30/2014,UA-27987950-1,159221667,Kennedy Wilson,432
a078000000FoiCXAAZ,a2i800000048H1L,PGM-37870,846,Southwest,The Palladium,300,3/31/2015,UA-21992416-1,174133921,AEW Capital Management,252
a078000000Ho7XuAAJ,a2i800000048H1C,PGM-37861,895,Southwest,GlenEagles,300,4/11/2019,UA-27442614-1,174115646,AEW Capital Management,331
a078000000CWVnQAAX,a2i800000048H1Y,PGM-37883,1204,Southwest,Symphony,300,4/30/2014,UA-20854080-1,188426728,MIG Real Estate,234
a078000000LoSMzAAN,a2i800000048H0i,PGM-37831,1033,Southwest,Mosaic,300,10/31/2014,UA-38450913-1,188407757,MIG Real Estate,304
a078000000TxQu2AAF,a2i800000048Gv8,PGM-37485,1734,Southwest,Bella Sera,300,9/26/2017,UA-107271747-1,189903869,Pacific Life Insurance Company,200
a078000000NCFFGAA5,a2i800000048H02,PGM-37789,1548,Southwest,CityScape Residences,300,2/21/2018,UA-38165750-1,183124033,Invesco Realty Advisors,224
a078000000Wj9W0AAJ,a2i80000003V2r7,PGM-78616,1952,Southwest,The Angela,300,5/10/2019,UA-107271747-23,195088886,StreetLights Residential,253
a0780000002w57MAAQ,a2i2E0000053Z21,PGM-84407,2006,Southwest,Vaseo,300,12/13/2018,UA-67679801-1,153638834,Klein Financial Corporation,1222
a072E00000WuZyUQAV,a2i2E0000053fDE,PGM-85557,2031,Southwest,Xander 3900,900,3/26/2019,UA-66518042-1,153634454,LivCor,480
a078000000W5LVWAA3,a2i80000003UIm2,PGM-73247,1899,Southwest,Jefferson Town Lake,600,11/30/2018,UA-107271747-12,185853218,"JPI Partners, LLC",244
a078000000W6liuAAB,a2i80000003Urln,PGM-76020,1867,Southwest,Elysian at the District,600,8/6/2018,UA-28080357-15,179629188,The Calida Group,360
a078000000WkBo6AAF,a2i800000053NDN,PGM-79994,1925,Southwest,Novel Rio,1200,10/3/2018,UA-107271747-16,182985872,Crescent Communities,209
a078000000VGCXLAA5,a2i80000003UDZx,PGM-70770,1828,Southwest,Ten01,300,4/10/2018,UA-107271747-11,173205920,Prudential,523
a072E00000WuaWRQAZ,a2i2E0000053fPn,PGM-85765,2036,Southwest,Pointe at Centennial (South),600,3/6/2019,UA-28080357-22,191379313,The Calida Group,312
a0780000003RyrgAAC,a2i2E0000053WWQ,PGM-82917,1978,Southwest,Artessa,300,11/15/2018,UA-33018482-1,153605649,MetLife,298
a078000000UPvxKAAT,a2i80000003MEa5,PGM-55424,1751,Southeast,Station R,300,12/5/2017,UA-27983644-3,165790045,GAIA Real Estate,285
a078000000TvBZLAA3,a2i800000048Gwl,PGM-37586,1608,Southeast,Crosswynde Apartments,300,4/24/2017,UA-75412811-4,186835980,ESG Kullen,294
a078000000RozB8AAJ,a2i800000048Gxx,PGM-37660,1446,Southeast,Grand Pavilion,600,5/18/2016,UA-78230999-1,186811176,ESG Kullen,264
a078000000QEIzmAAH,a2i80000003V28m,PGM-78507,1496,Southeast,Broadstone Brickell,1200,8/2/2018,UA-83142714-1,186813031,Clarion Partners,372
a078000000IPZQjAAP,a2i80000003UFgc,PGM-71221,933,Southeast,Broadstone North Boca Village,300,12/14/2016,UA-32950935-1,183495688,Prudential,384
a078000000LnmYXAAZ,a2i80000003UFho,PGM-71295,1042,Southeast,Broadstone Cypress Hammocks,300,3/15/2016,UA-39421963-1,183480254,Prudential,396
a078000000RqO7IAAV,a2i80000003U8J3,PGM-68389,1681,Southeast,Broadstone City Center,300,4/2/2018,UA-75412811-6,172648221,Alliance Residential Company,317
a078000000W7gevAAB,a2i80000003UxSH,PGM-76546,1902,Northeast,Sawyer Place Phase I,900,3/20/2019,UA-123169612-2,183991785,RXR Residential Services LLC,168
a072E00000V8QsWQAV,a2i2E000004uh0y,PGM-86845,2065,Northeast,Park Bayonne,600,4/29/2019,UA-85008007-5,194732329,Cali Futures,60
a078000000SRLUCAA5,a2i800000048GxB,PGM-37612,1555,Northeast,221 Bergen,300,10/3/2016,UA-85008007-1,172075560,TAK Group,104
a078000000Rq6bkAAB,a2i800000048Gv6,PGM-37483,1506,Northeast,The Quincy,300,12/21/2017,UA-74994904-1,184947372,Alliance Residential Company,393
a078000000NqXY2AAN,a2i800000048H06,PGM-37793,1113,Northeast,Broadstone Van Dorn,300,5/10/2014,UA-46993590-1,172979846,Alliance Residential Company,184
a078000000WhinMAAR,a2i80000003V23K,PGM-78457,1926,Northeast,360 Huguenot,900,12/18/2018,UA-123169612-3,187004600,RXR Residential Services LLC,280
a072E00000WuGpPQAV,a2i2E0000053X0A,PGM-83077,1985,Northeast,Reserve at Harper?s Crossing,600,1/16/2019,UA-130944962-1,188305966,The Bascom Group,377
a078000000W6dTvAAJ,a2i80000003Ukgf,PGM-75915,1868,Northeast,The Hawthorne,300,8/22/2018,UA-123169612-1,179459302,"Goldman, Sachs & Co.",90
a078000000VEYTZAA5,a2i80000003URYN,PGM-74266,1862,Northern California,Inova,900,3/19/2019,UA-28080357-16,190794529,Klein Financial Corporation,574
a078000000VEYTPAA5,a2i80000003UybX,PGM-77341,1921,Northern California,47Hundred,300,2/8/2019,UA-91327653-48,189940180,Nautilus Group,48
a078000000Rq9eJAAR,a2i2E0000053ZRT,PGM-84510,1527,Northern California,O&M,300,11/21/2018,UA-86788798-3,165019965,Mitsui Fudosan America,116
a078000000PgKboAAF,a2i800000048GxV,PGM-37632,1269,Northern California,777 Hamilton,300,4/18/2016,UA-56407725-1,182356672,Greenheart Land Company,195
a078000000QqKWbAAN,a2i800000048GxL,PGM-37622,1402,Northern California,481 on Mathilda,600,6/20/2016,UA-78944130-1,184982595,AEW Capital Management,105
a078000000U0sG5AAJ,a2i800000048Gvs,PGM-37531,1705,Northern California,Civic Square,300,4/16/2018,UA-91327653-14,169253061,Braddock & Logan,298
a078000000TwfKJAAZ,a2i800000048Gvq,PGM-37529,1659,Northern California,885 Woodside,300,8/29/2017,UA-91327653-19,186579604,Newport Venture Capital,42
a078000000TwfKYAAZ,a2i800000048Gvp,PGM-37528,1668,Northern California,The Arroyo Residences,300,8/29/2017,UA-91327653-35,189053319,Northwestern Mutual Life Insurance Company,100
a078000000U0sFvAAJ,a2i800000048Gvo,PGM-37527,1708,Northern California,Brookside,300,4/16/2018,UA-91327653-15,172160736,Braddock & Logan,144
a078000000U0sH3AAJ,a2i800000048Gvx,PGM-37536,1702,Northern California,San Marino,300,4/16/2018,UA-91327653-10,169244788,Braddock & Logan,248
a078000000U0sGAAAZ,a2i800000048Gvw,PGM-37535,1701,Northern California,Cypress Point,300,4/16/2018,UA-91327653-12,169263728,Braddock & Logan,240
a078000000U0sGjAAJ,a2i800000048Gvv,PGM-37534,1703,Northern California,Monte Vista,0,6/20/2017,UA-91327653-11,169266999,Braddock & Logan,138
a078000000U0sGUAAZ,a2i800000048Gvn,PGM-37526,1712,Northern California,Lime Ridge,300,4/16/2018,UA-91327653-23,173503919,Braddock & Logan,70
a078000000U0sHIAAZ,a2i800000048Gvl,PGM-37524,1711,Northern California,Vista Oaks,300,4/16/2018,UA-91327653-18,173518782,Braddock & Logan,108
a078000000U0sGeAAJ,a2i800000048Gvk,PGM-37523,1709,Northern California,Mission Pines,300,4/16/2018,UA-91327653-17,173544159,Braddock & Logan,62
a078000000U0sH8AAJ,a2i800000048Gvh,PGM-37520,1716,Northern California,The Pines,300,4/16/2018,UA-91327653-25,173642386,Braddock & Logan,0
a078000000QFDVHAA5,a2i800000048Gyp,PGM-37714,1328,Northern California,Ascent Walnut Creek,300,11/18/2015,UA-66529709-1,154177907,BlackRock,126
a078000000U0sHDAAZ,a2i800000048GvZ,PGM-37512,1719,Northern California,Villas at Monterosso,300,4/16/2018,UA-91327653-28,173619005,Braddock & Logan,96
a0780000002w4SQAAY,a2i800000048GvX,PGM-37510,1721,Northern California,Morgan Park,300,4/16/2018,UA-91327653-29,173632994,Braddock & Logan,148
a078000000U0sGFAAZ,a2i800000048GvW,PGM-37509,1722,Northern California,Danville Park,300,4/16/2018,UA-91327653-30,173635884,Braddock & Logan,96
a078000000U0sFqAAJ,a2i800000048GvT,PGM-37506,1724,Northern California,Autumn Springs,300,4/16/2018,UA-91327653-32,169262688,Braddock & Logan,200
a078000000U1l7wAAB,a2i800000048GvP,PGM-37502,1733,Northern California,The Charleston,300,8/15/2017,UA-91327653-37,159153580,"Pathfinder Partners, LLC",195
a078000000QoFnNAAV,a2i800000048GvM,PGM-37499,1652,Northern California,Artist Walk,300,4/24/2017,UA-91327653-2,186593021,Blake | Griggs Properties,185
a078000000QpnMeAAJ,a2i800000048Gyh,PGM-37706,1369,Northern California,Aqua Via,600,9/21/2015,UA-67441333-1,182100837,Invesco Realty Advisors,101
a078000000QpnMjAAJ,a2i800000048Gyg,PGM-37705,1371,Northern California,Fountain Plaza,300,9/30/2015,UA-67216717-1,176651680,Invesco Realty Advisors,367
a078000000QE4VJAA1,a2i800000048Gyd,PGM-37702,1339,Northern California,Centerra,300,9/4/2015,UA-66562208-1,149117349,PNC Bank,347
a078000000QnusuAAB,a2i800000048Gyc,PGM-37701,1332,Northern California,The Artisan,300,9/7/2017,UA-63157619-1,186834662,Johnson Development Associates (JDA),144
a078000000Qq7O9AAJ,a2i800000048GyY,PGM-37697,1379,Northern California,Fiori Estates,300,2/13/2018,UA-70248802-1,169273123,Anthony Saris,244
a078000000Rz0EpAAJ,a2i800000048Gw9,PGM-37548,1492,Northern California,LEX,600,4/27/2017,UA-91327653-4,186669478,Prudential,387
a0780000003RyrdAAC,a2i800000048H2b,PGM-37948,292,Northern California,The Courtyards at 65th Street,300,10/10/2016,UA-91327653-40,166420094,State Teachers Retirement System of Ohio,331
a078000000QoFnSAAV,a2i800000048Guf,PGM-37456,1673,Northern California,Vaya,300,4/22/2018,UA-86788798-5,174013024,Blake | Griggs Properties,178
a078000000QqyHbAAJ,a2i800000048GyN,PGM-37686,1415,Northern California,Village Lake,300,8/18/2016,UA-71806548-1,182081832,Fortbay,208
a078000000QFbJvAAL,a2i800000048GyL,PGM-37684,1395,Northern California,ViO,300,12/4/2015,UA-67352301-1,182018253,Johnson Development Associates (JDA),234
a07800000075b0CAAQ,a2i800000048H1i,PGM-37893,1651,Northern California,Harbor Park,300,1/19/2016,UA-36364064-1,153602712,Klein Financial Corporation,182
a0780000002w5FnAAI,a2i800000048H1Z,PGM-37884,904,Northern California,Montessa at Whitney Ranch,300,1/19/2018,UA-36353376-1,186648387,St. Regis Properties,171
a078000000Rp29nAAB,a2i800000048GyC,PGM-37675,1442,Northern California,Woodland Park,300,5/23/2016,UA-74465907-1,186849437,Sand Hill Property Company,1806
a078000000Rplf0AAB,a2i800000048Gx7,PGM-37608,1473,Northern California,The Landing at College Square,300,7/21/2016,UA-80484286-1,153647911,USA Properties Fund,270
a078000000SRYW3AAP,a2i800000048GwO,PGM-37563,1565,Northern California,Idora Apartments,300,4/24/2017,UA-86788798-4,186600288,St. Regis Properties,33
a078000000TwGylAAF,a2i800000048GwL,PGM-37560,1632,Northern California,Varsity Berkeley,300,4/24/2017,UA-91327653-8,172063666,Barings Real Estate Advisers,79
a078000000RppPEAAZ,a2i800000048Gxf,PGM-37642,1485,Northern California,Stony Creek,300,6/16/2016,UA-79235341-1,183177868,"Westlake Urban, LLC",44
a078000000RppP4AAJ,a2i800000048Gxe,PGM-37641,1484,Northern California,2000 Delaware,300,6/15/2016,UA-79358306-1,185005466,"Westlake Urban, LLC",60
a078000000RppPTAAZ,a2i800000048Gxd,PGM-37640,1483,Northern California,Oaks,300,11/21/2017,UA-79521989-1,183187881,"Westlake Urban, LLC",64
a078000000RppPJAAZ,a2i800000048Gxc,PGM-37639,1482,Northern California,Union North,300,6/23/2016,UA-79364713-1,153666623,"Westlake Urban, LLC",91
a078000000RppPOAAZ,a2i800000048Gxa,PGM-37637,1479,Northern California,Kirkham Heights,300,6/1/2016,UA-79357306-1,186678842,"Westlake Urban, LLC",86
a078000000OMMroAAH,a2i800000048Gzw,PGM-37783,1165,Northern California,Westridge at Hilltop,300,4/23/2014,UA-51059903-1,185004655,Menlo Capital Group,401
a07800000075b4NAAQ,a2i80000003TiO8,PGM-62262,1771,Northern California,Kensington,300,11/15/2017,UA-27373489-1,183123320,Klein Financial Corporation,301
a078000000VGpCxAAL,a2i80000003UHBr,PGM-72106,1838,Northern California,K Street Flats,300,4/6/2018,UA-91327653-44,172997073,BlackRock,176
a072E00000WuKJ1QAN,a2i2E0000053Y0s,PGM-83872,2007,Northern California,Foundry Commons,300,1/3/2019,UA-91327653-49,187442847,Tilden Properties,238
a0780000003n1vUAAQ,a2i80000003Tb0a,PGM-60371,1111,Northern California,LINQ Midtown,300,7/1/2017,UA-36356478-1,173671593,Barings Real Estate Advisers,275
a078000000SJFcIAAX,a2i80000003UAyG,PGM-69822,1888,Pacific Northwest,Broadstone Reveal,300,10/22/2018,UA-55463619-3,183807538,Alliance Residential Company,147
a078000000Sp6m9AAB,a2i80000003UB9Z,PGM-70488,1886,Pacific Northwest,Broadstone Saxton,300,10/22/2018,UA-55452293-12,184053793,Alliance Residential Company,325
a078000000U0uJRAAZ,a2i80000003URVR,PGM-74089,1927,Pacific Northwest,Broadstone Tempo,300,12/3/2018,UA-55463619-4,186292070,Alliance Residential Company,197
a078000000WttAIAAZ,a2i800000053UWV,PGM-81694,1957,Pacific Northwest,Marvelle at Southcenter,1200,9/24/2018,UA-55452293-11,182339851,Alliance Residential Company,166
a078000000RpleqAAB,a2i800000048Gvu,PGM-37533,1537,Pacific Northwest,The Eddy,300,7/1/2017,UA-55452293-2,173655048,Northwestern Mutual Life Insurance Company,130
a078000000RpljCAAR,a2i800000048GwY,PGM-37573,1617,Pacific Northwest,Broadstone Clarendon,300,3/6/2017,UA-55452293-3,173051308,Alliance Residential Company,82
a078000000QoFn8AAF,a2i800000048Gys,PGM-37717,1333,Pacific Northwest,Green Lake Village,300,9/1/2015,UA-65132831-1,173646433,Northwestern Mutual Life Insurance Company,297
a078000000TwCvKAAV,a2i800000048GwJ,PGM-37558,1636,Pacific Northwest,Mount Si Apartments,300,9/19/2018,UA-55452293-6,182748778,Braddock & Logan,48
a078000000QDq0YAAT,a2i80000004752P,PGM-71591,1378,Pacific Northwest,Broadstone Sky,300,9/27/2017,UA-68030500-1,173623667,AEW Capital Management,151
a078000000Txcu4AAB,a2i80000003Tatn,PGM-60089,1735,Pacific Northwest,Broadstone Lexington,300,12/28/2017,UA-55452293-8,186861426,Alliance Residential Company,75
a078000000VEYTeAAP,a2i80000003U6S9,PGM-65621,1849,Mountain,Meridian,1200,5/7/2018,UA-85533256-23,174900137,Lake Union Partners,263
a078000000TwBCxAAN,a2i80000003UWdY,PGM-74384,1984,Mountain,Odessa at the District,900,4/24/2019,UA-119885607-12,191620297,Williams,120
a078000000Wu5IjAAJ,a2i800000053UXR,PGM-81747,1961,Mountain,Brixton Apartments,900,3/6/2019,UA-119885607-10,190400492,Baron Equities,166
a078000000UPvxUAAT,a2i80000003TYwi,PGM-56323,1753,Mountain,Affinity 56,1200,10/10/2017,UA-85533256-10,171910648,Uinta Land Company,192
a078000000Wk8xAAAR,a2i80000003V3bN,PGM-79411,1942,Mountain,Parkfield,300,10/17/2018,UA-34798102-20,183663655,CapitaLand International,476
a078000000Wk8wvAAB,a2i80000003V3Yo,PGM-79252,1947,Mountain,Canterra at Fitzsimons,300,10/17/2018,UA-34798102-22,184063003,CapitaLand International,188
a078000000Wk8x5AAB,a2i80000003V3aW,PGM-79358,1946,Mountain,Silverbrook,300,10/17/2018,UA-34798102-18,183662617,CapitaLand International,165
a078000000Wk8x0AAB,a2i80000003V3Zf,PGM-79305,1941,Mountain,Sienna at Cherry Creek,300,10/17/2018,UA-34798102-19,184076777,CapitaLand International,220
a078000000Wk8xFAAR,a2i80000003V3cJ,PGM-79464,1943,Mountain,Dartmouth Woods,300,10/17/2018,UA-34798102-21,183971359,CapitaLand International,201
a078000000UQ1hdAAD,a2i80000003TlP3,PGM-63296,1813,Mountain,Eversage,1200,10/3/2018,UA-85533256-18,181543313,Destination Homes,168
a078000000U1oAHAAZ,a2i80000003TlG4,PGM-62744,1794,Mountain,Diamond Ridge Townhomes,300,9/18/2018,UA-119885607-1,182916934,DAI Utah,57
a078000000U1E9JAAV,a2i80000003Tlcz,PGM-64055,1694,Mountain,Incline at Anthem,1200,6/18/2018,UA-85533256-24,177299822,Buchanan Street Partners,298
a078000000U1hvaAAB,a2i800000048GvK,PGM-37497,1836,Mountain,City Garden Apartments,0,8/23/2017,UA-85533256-12,171182952,Lowe Property Group,61
a078000000QoFlvAAF,a2i800000048Gya,PGM-37699,1363,Mountain,High Point on Overland,300,10/5/2015,UA-68506702-1,179669070,Derk Pardoe,190
a078000000SJ711AAD,a2i800000048Gup,PGM-37466,1615,Mountain,Parq at Iliff,900,1/28/2019,UA-34798102-10,179707606,Junius Real Estate Partners,424
a078000000NpJ9iAAF,a2i800000048H0Q,PGM-37813,1097,Mountain,Viewpointe,300,6/14/2016,UA-44898878-1,181564573,Wright Development Group,288
a078000000NsugtAAB,a2i800000048H0I,PGM-37805,1135,Mountain,River Run Apartments,300,12/11/2013,UA-47339013-1,181596336,Texas Capital Partners,117
a078000000RpnUbAAJ,a2i800000048GyB,PGM-37674,1445,Mountain,Bridges at Citifront,600,4/18/2016,UA-75281635-1,153598885,"Landbank Investments, LLC",295
a078000000SpXT6AAN,a2i800000048Gwx,PGM-37598,1589,Mountain,Waterford Cherry Creek,0,1/1/2017,UA-34798102-7,171360393,Braddock & Logan,324
a078000000QCsjEAAT,a2i800000048GzB,PGM-37736,1289,Mountain,The Park Apartments,300,7/3/2015,UA-60391308-1,180262480,Forge Partners,138
a078000000TxQrXAAV,a2i80000003Uuys,PGM-76227,2001,Mountain,Skyhouse,1200,5/10/2019,UA-119885607-11,187039081,Carlton Fong,240
a078000000Tv6JkAAJ,a2i2E0000053bm8,PGM-85037,2029,Mountain,The Grove at Cherry Creek Park,300,2/28/2019,UA-34798102-6,169022821,LivCor,216
a078000000VGDTUAA5,a2i80000003UEoV,PGM-70925,1901,Mountain,The Haven Cove Townhomes,900,4/9/2019,UA-119885607-4,193268940,Stephens Thomas Properties,156
a078000000WtzwDAAR,a2i800000053T0c,PGM-81322,1962,Mountain,Waterford RiNo,300,11/14/2018,UA-34798102-23,185215406,Braddock & Logan,301
a078000000W6OZZAA3,a2i80000003UiZO,PGM-74501,1907,Mountain,Aspira at Anthem,1200,1/14/2019,UA-119885607-8,187204763,Castlewood Development,342
a072E00000WukORQAZ,a2i2E0000053iBb,PGM-86292,2051,Southeast,2500 Biscayne,0,3/4/2019,UA-75412811-14,191575967,Alta Strategic,156
a078000000VCv6WAAT,a2i80000003Tav0,PGM-60160,1761,Southwest,Novella at Arcadia,0,11/1/2017,UA-107271747-2,164086260,True Craft Residential,31
a078000000VD28YAAT,a2i80000003TaxG,PGM-60300,1763,Southwest,Mountain Park Ranch,300,11/16/2017,UA-107271747-7,164930226,"Caspian Properties, Inc",240
a078000000WtccPAAR,a2i800000053NUJ,PGM-80259,1913,Central,Alto Highland Park (Brownstones),0,8/14/2018,UA-83547238-11,180634400,Origin Investments,57
a078000000WkFmrAAF,a2i800000053NW6,PGM-80365,1917,Northeast,Meridian Obici,600,10/22/2018,UA-46993590-2,184135584,Castle Lanterra Properties,224
a078000000WtzwDAAR,a2i800000053T0c,PGM-81322,1962,Mountain,Waterford RiNo,300,11/14/2018,UA-34798102-23,185215406,Braddock & Logan,301
a072E00000WuWImQAN,a2i2E0000053dGx,PGM-85297,2035,Southwest,Ely at Centennial Hills,0,2/28/2019,UA-28080357-23,193253748,The Calida Group,312
a072E00000WueKNQAZ,a2i2E0000053gbu,PGM-86025,2053,Southwest,The Premiere at Dana Park,0,3/21/2019,UA-107271747-24,192649223,Signature Holdings II,198
a078000000W6dTlAAJ,a2i80000003Ukfa,PGM-75863,1865,Northeast,The Grande at Metro Park - Phase I,300,8/20/2018,UA-85008007-4,180227194,The Grande at Metro Park Development Group,64
a078000000W6dR8AAJ,a2i80000003UkeQ,PGM-75811,1872,Mountain,The Ivy at Draper,0,7/9/2018,UA-119885607-2,178261611,Kennedy Wilson,277
a072E00000WuGpUQAV,a2i2E0000053X11,PGM-83130,1987,Central,Judson Pointe,0,12/19/2018,UA-69125602-8,194124292,Harvest Equities,288
a078000000VGNvHAAX,a2i2E000004ul3T,PGM-87799,2093,Mountain,Vue21,0,3/22/2019,UA-34798102-15,173174337,White Oak Partners,322
a078000000Wtrp3AAB,a2i800000053Qov,PGM-80844,1938,Mountain,Alta Gateway Station,0,10/11/2018,UA-119885607-9,184023379,Invesco Realty Advisors,277
a078000000QFuAFAA1,a2i80000003UFDz,PGM-71147,1323,Southern California,Solana Mar,0,8/1/2018,UA-63387359-1,102917617,Urschel Company,124
a078000000OzvC9AAJ,a2i80000003UFCn,PGM-71073,1843,Mountain,Dry Creek at East Village,0,3/26/2018,UA-51885121-1,172164417,DiNapoli Capital,282
a078000000Qq0oiAAB,a2i80000003U8KL,PGM-68469,1825,Southwest,Broadstone Fashion Center,0,2/8/2018,UA-79333902-1,184914622,Starlight Investments Ltd.,335
a078000000VFLDTAA5,a2i80000003U8Ld,PGM-68549,1822,Mountain,Henley,0,3/1/2018,UA-34798102-14,171259669,"Pathfinder Partners, LLC",50
a078000000VFLDYAA5,a2i80000003U8OD,PGM-68709,1819,Mountain,Hadley,0,3/8/2018,UA-34798102-13,171146270,"Pathfinder Partners, LLC",140
a078000000VEReKAAX,a2i80000003U3kb,PGM-65012,1803,Mountain,Waterford Lone Tree,300,1/31/2018,UA-34798102-12,172025130,Braddock & Logan,400
a078000000VEYTKAA5,a2i80000003U3oR,PGM-65240,1807,Mountain,Santa Fe Apartments,600,2/16/2018,UA-85533256-21,184978617,Kennedy Wilson,492
a078000000VEYTFAA5,a2i80000003U3lp,PGM-65088,1808,Mountain,Creekview Apartments,300,2/13/2018,UA-85533256-20,184978559,Kennedy Wilson,88
a078000000PgHGHAA3,a2i80000003UFkC,PGM-71443,1258,Southern California,Broadstone Balboa Park,0,3/15/2015,UA-60304815-1,147993575,Clarion Partners,100
a078000000RpxsvAAB,a2i80000003Ut0J,PGM-76072,1895,Southern California,Aspect,0,6/27/2018,UA-86905300-4,142859671,JP Morgan,323
a078000000QDnzZAAT,a2i80000004751E,PGM-71518,1314,Mountain,Broadstone on Ninth (9th),0,12/22/2016,UA-61880516-1,100861282,Prudential,324
a078000000WXEE9AAP,a2i80000003V0j0,PGM-77926,1898,Southwest,MetroPointe,0,7/19/2018,UA-107271747-18,184242722,Rockwood Capital,415
a078000000WXh4VAAT,a2i80000003V1AX,PGM-78032,1912,Southern California,San Pedro Bank Lofts,0,8/16/2018,UA-93239903-28,181372470,M West Holdings,89
a078000000QqKWbAAN,a2i80000003UvDL,PGM-76439,1402,Northern California,481 on Mathilda,0,3/29/2018,UA-78944130-1,184982595,AEW Capital Management,105
a078000000RpliTAAR,a2i80000003UISl,PGM-73001,1568,Southeast,Broadstone Midtown,0,7/27/2018,UA-86024012-1,131908461,AIG,218
a078000000W5ItKAAV,a2i80000003UIU7,PGM-73070,1855,Central,Arlo Westchase,300,5/16/2018,UA-50039503-9,175349312,Pinpoint Commercial,265
a078000000W6lipAAB,a2i80000003Urks,PGM-75968,1869,Southwest,Ely by Elysian Living,0,6/25/2018,UA-28080357-14,178604010,The Calida Group,180
a078000000Ryzl0AAB,a2i2E0000053UvN,PGM-81907,1982,Mountain,Park East,0,1/3/2019,UA-84926930-1,180028661,Bridger Development,70
a072E00000WuBfLQAV,a2i2E0000053Vyn,PGM-82862,1977,Southern California,Ironwood (North),0,11/1/2018,UA-93239903-40,184773339,Crow Holdings,236
a078000000VDs08AAD,a2i80000003TiQg,PGM-62330,1787,Mountain,Skyline View,0,1/16/2018,UA-34798102-11,184977656,Lowe Property Group,112
a078000000QDq04AAD,a2i80000003TiVw,PGM-62606,1791,Mountain,Highlands 32,0,12/19/2017,UA-34798102-3,175206870,AEW Capital Management,148
a078000000TwhJxAAJ,a2i80000003TiUB,PGM-62537,1697,Northern California,Blue Oak,0,8/10/2018,UA-91327653-38,160370164,MBK Homes,142
a078000000UPxN2AAL,a2i80000003TcKb,PGM-61518,1788,Mountain,The Zeller,600,3/27/2018,UA-85533256-16,172428388,Watt Investment Partners,292
a078000000VDCKuAAP,a2i80000003TcJT,PGM-61448,1776,Central,Knox Heights,0,12/21/2017,UA-83547238-7,178718412,Fifield Companies,182
a078000000VCtjfAAD,a2i80000003TYRr,PGM-55781,1762,Southwest,The Met Las Vegas,0,11/28/2017,UA-110242886-1,165449947,Kennedy Wilson,480
a078000000NsOQrAAN,a2i800000048Gzs,PGM-37779,1126,Northern California,201 Marshall,0,4/13/2014,UA-50087559-1,173034533,Raintree Partners,116
a078000000OMMrUAAX,a2i800000048Gzt,PGM-37780,1164,Pacific Northwest,Leva on Market,0,5/1/2014,UA-53039740-1,191780678,BlackRock,260
a078000000Oz6JyAAJ,a2i800000048Gzu,PGM-37781,1159,Mountain,Covey,300,5/5/2014,UA-51448020-1,184729358,WLA Investments,128
a078000000OKTlLAAX,a2i800000048Gzv,PGM-37782,1151,Central,Broadstone City Park,0,4/25/2015,UA-50443697-1,148046473,Alliance Residential Company,308
a078000000Nq9v2AAB,a2i800000048Gzx,PGM-37784,1114,Pacific Northwest,Viva,300,5/10/2014,UA-47458993-1,173661863,Transwestern Commercial Services,105
a078000000OM92XAAT,a2i800000048Gzy,PGM-37785,1158,Mountain,The Meredith Apartments,0,3/31/2014,UA-51448020-1,184729358,WLA Investments,22
a078000000OKnNfAAL,a2i800000048H03,PGM-37790,1144,Mountain,Copper Terrace,0,4/13/2014,UA-50134913-1,146761990,MIG Real Estate,168
a078000000JpJRxAAN,a2i800000048H07,PGM-37794,1098,Mountain,Roosevelt Park Apartments,0,11/16/2015,UA-45929722-1,159082275,Burden Inc.,115
a078000000RplidAAB,a2i800000048Gv0,PGM-37477,1678,Southeast,Broadstone Ridge,0,2/16/2018,UA-90354071-1,138071541,Alliance Residential Company,278
a078000000Tw5IIAAZ,a2i800000048Gv1,PGM-37478,1635,Southwest,Jefferson Chandler,0,3/1/2019,UA-108519153-1,188415934,"JPI Partners, LLC",283
a078000000Tv2CjAAJ,a2i800000048Gv3,PGM-37480,1672,Southwest,Broadstone NorthPoint,0,10/2/2017,UA-27766263-3,160858817,Alliance Residential Company,226
a078000000U1k6PAAR,a2i800000048Gv9,PGM-37486,1409,Mountain,VIA - Phase 2,0,9/15/2017,UA-70296400-1,159755477,Castlewood Development,80
a078000000TxWzYAAV,a2i800000048GvA,PGM-37487,1737,Southern California,The Waterfront,300,2/7/2018,UA-85008007-3,189917674,Waypoint Property Group,64
a078000000TxWzJAAV,a2i800000048GvB,PGM-37488,1738,Mountain,The Park at City Center,0,11/20/2017,UA-85533256-15,179605962,Keller Investments,330
a078000000U1epAAAR,a2i800000048GvC,PGM-37489,1727,Mountain,Park Capitol,0,5/11/2018,UA-85533256-13,181564575,Timberlane Partners,135
a078000000U1WryAAF,a2i800000048GvD,PGM-37490,1693,Northern California,The Franciscan,0,9/13/2017,UA-91327653-39,161346711,Raintree Partners,180
a078000000Rplj7AAB,a2i800000048GvE,PGM-37491,1675,Southwest,Broadstone Roosevelt Row,0,11/13/2017,UA-86860765-7,155055659,Alliance Residential Company,316
a078000000Tv9PwAAJ,a2i800000048GvG,PGM-37493,1664,Mountain,One West,300,9/1/2017,UA-85533256-7,179693585,Castle Creek Homes,216
a078000000Qq0oOAAR,a2i800000048GvH,PGM-37494,1474,Southwest,Broadstone Gilbert Heritage,0,9/20/2017,UA-86860765-5,138555942,Alliance Residential Company,256
a078000000Sp3OEAAZ,a2i800000048GvI,PGM-37495,1561,Northern California,Encasa II,300,8/4/2017,UA-79319605-1,123911108,Raintree Partners,231
a078000000LnmYXAAZ,a2i800000048H0U,PGM-37817,1042,Southeast,Broadstone Cypress Hammocks,0,5/10/2014,UA-39421963-1,183480254,Prudential,396
a078000000NAnwRAAT,a2i800000048H0V,PGM-37818,1067,Southern California,Sunset Vine Tower,300,2/24/2015,UA-50800106-1,188099656,Invesco Realty Advisors,64
a0780000002w4qmAAA,a2i800000048H0W,PGM-37819,1386,Southwest,Trevi,0,4/13/2014,UA-42385224-1,153652303,TruAmerica,290
a078000000NBBv9AAH,a2i800000048H0Y,PGM-37821,1071,Southwest,The Pavilions On Central,0,9/1/2014,UA-51082812-1,159140924,Crow Holdings,254
a0780000002w4RyAAI,a2i800000048H0Z,PGM-37822,1064,Central,Stone Chase,0,1/1/2016,UA-49237902-1,83753905,Harvest Equities,184
a078000000LrXajAAF,a2i800000048H0b,PGM-37824,1592,Southeast,Landing Square,300,4/24/2017,UA-50580909-1,184753986,Castle Lanterra Properties,322
a078000000LouqRAAR,a2i800000048H0d,PGM-37826,1049,Southern California,Parc Chateaux,0,3/20/2013,UA-40156036-1,71367733,AEW Capital Management,295
a078000000Kq4qXAAR,a2i800000048H0e,PGM-37827,1023,Mountain,Viridian,0,4/15/2014,UA-39894674-1,169054947,JP Morgan,420
a078000000Kq4qSAAR,a2i800000048H0f,PGM-37828,1021,Mountain,The Fairways At Raccoon Creek,0,3/17/2016,UA-39662901-1,193494709,JP Morgan,360
a078000000Kq4qcAAB,a2i800000048H0g,PGM-37829,1022,Mountain,Mountain Gate,0,4/24/2014,UA-39897948-1,163842082,JP Morgan,496
a0780000002w4LJAAY,a2i800000048H0h,PGM-37830,1047,Southern California,Presidio View,0,2/26/2013,UA-38780170-1,154232634,AEW Capital Management,350
a078000000KqHdQAAV,a2i800000048H0j,PGM-37832,1138,Northeast,The Edge at Fairfax Corner,600,1/24/2018,UA-38304031-1,164960411,Crow Holdings,460
a078000000KobDfAAJ,a2i800000048H0k,PGM-37833,1024,Mountain,Sugar House Apartments by Urbana,0,1/15/2013,UA-47779500-1,178101508,"Gardiner Properties, LLC",70
a078000000JpJQfAAN,a2i800000048H0l,PGM-37834,998,Mountain,Eaglewood Lofts I,900,6/1/2015,UA-35678658-1,179700648,Lowe Property Group,214
a078000000KobDaAAJ,a2i800000048H0m,PGM-37835,1013,Mountain,Ascent,0,10/19/2015,UA-38041002-1,146528610,MIG Real Estate,168
a078000000RppP9AAJ,a2i800000048Gxb,PGM-37638,1481,Northern California,Valencia Townhomes,300,6/17/2016,UA-79412412-1,186689358,"Westlake Urban, LLC",19
a078000000Rq9edAAB,a2i800000048Gxg,PGM-37643,1472,Mountain,Waterford on Mainstreet,300,6/17/2016,UA-79234097-1,169237918,Braddock & Logan,306
a078000000QoFnIAAV,a2i800000048Gxh,PGM-37644,1434,Southeast,Broadstone Germantown,0,5/27/2016,UA-69510721-1,110910967,Alliance Residential Company,276
a078000000Rq9edAAB,a2i800000048Gxi,PGM-37645,1472,Mountain,Waterford on Mainstreet,300,6/17/2016,UA-79234097-1,169237918,Braddock & Logan,306
a078000000RqWr5AAF,a2i800000048Gxk,PGM-37647,1466,Southwest,Arboretum,300,5/26/2016,UA-78676583-1,153059356,"Caspian Properties, Inc",312
a078000000RpLXGAA3,a2i800000048Gxl,PGM-37648,1449,Mountain,Rockwell Village,0,4/18/2016,UA-75992701-1,169802629,DAI Utah,60
a078000000Qq0oxAAB,a2i800000048Gxn,PGM-37650,1456,Central,Broadstone Lake Ridge,0,3/14/2016,UA-74169997-1,149426002,Alliance Residential Company,301
a078000000QrfXoAAJ,a2i800000048Gxp,PGM-37652,1426,Southeast,Madison Oaks,600,6/14/2016,UA-78232849-1,153647656,ESG Kullen,250
a078000000QojnuAAB,a2i800000048Gxr,PGM-37654,1406,Mountain,The East Village,0,10/26/2015,UA-70397608-1,164963122,"Hamilton Partners, LP",336
a078000000TwCvFAAV,a2i800000048GwK,PGM-37559,1631,Pacific Northwest,Rock Creek Ridge Townhomes,300,6/15/2017,UA-55452293-5,169231352,Braddock & Logan,233
a078000000QG5nFAAT,a2i800000048GwM,PGM-37561,1495,Southeast,Broadstone Harbor Beach,600,9/16/2016,UA-83157114-1,189840481,Alliance Residential Company,394
a078000000RqTThAAN,a2i800000048GwN,PGM-37562,1533,Mountain,Axio 8400,600,9/5/2017,UA-85158337-1,179608888,Castlewood Development,332
a0780000002w4WtAAI,a2i800000048H1n,PGM-37898,1031,Southern California,Canterra,0,8/25/2009,UA-29007981-1,186841964,Parkmeed Properties,306
a0780000003n1vUAAQ,a2i800000048H1o,PGM-37899,1111,Northern California,LINQ Midtown,300,2/22/2016,UA-36356478-1,173671593,Barings Real Estate Advisers,275
a0780000003RyrWAAS,a2i800000048H1r,PGM-37902,762,Southern California,Sorrento,0,1/5/2009,UA-50377017-1,183763504,Prudential,50
a0780000003RyqSAAS,a2i800000048H23,PGM-37914,1284,Central,Broadstone Travesia,0,5/10/2014,UA-25753472-1,153112449,Starlight Investments Ltd.,396
a078000000QpCMjAAN,a2i800000048GwP,PGM-37564,1544,Northern California,Villas on the Boulevard,0,4/24/2017,UA-91327653-1,150368159,Summerhill Apartment Communities,186
a0780000003RyqgAAC,a2i800000048H25,PGM-37916,1538,Southern California,City Lights on Fig,0,12/21/2017,UA-93239903-9,183231201,TriCal Construction,100
a078000000QojkqAAB,a2i800000048Gyt,PGM-37718,1337,Mountain,Aire Condominiums,0,6/29/2015,UA-68255504-1,179673967,Flagship Homes,30
a078000000QDnzZAAT,a2i800000048Gyu,PGM-37719,1314,Mountain,Broadstone on Ninth (9th),900,8/1/2016,UA-61880516-1,100861282,Prudential,324
a078000000Qo0URAAZ,a2i800000048Gyv,PGM-37720,1331,Southwest,The Resort at Sandia Village,0,5/26/2015,UA-63539208-1,103068914,The Reliant Group,120
a078000000QFuAFAA1,a2i800000048Gyw,PGM-37721,1323,Southern California,Solana Mar,0,5/19/2015,UA-63387359-1,102917617,Urschel Company,124
a078000000QFuAjAAL,a2i800000048Gyx,PGM-37722,1324,Southern California,Mission Ridge,0,5/19/2015,UA-63390673-1,102900955,Urschel Company,196
a078000000QE16oAAD,a2i800000048Gyy,PGM-37723,1313,Mountain,The Boulevard,0,5/4/2015,UA-63109515-1,180061492,JF Capital,110
a078000000QCChzAAH,a2i800000048Gz0,PGM-37725,1285,Mountain,Eaglewood Lofts II,0,4/30/2015,UA-35678658-1,179700648,Lowe Property Group,196
a078000000U1be3AAB,a2i800000048Gz2,PGM-37727,1686,Southwest,Spectra on 7th (South),0,6/16/2017,UA-61672406-1,153072095,Starlight Investments Ltd.,274
a078000000TwTuoAAF,a2i800000048GwQ,PGM-37565,1645,Northern California,Verona Apartments,300,4/6/2017,UA-28080357-7,175036154,Standard Management Company,152
a078000000RpliTAAR,a2i800000048GwR,PGM-37566,1568,Southeast,Broadstone Midtown,0,3/27/2017,UA-86024012-1,131908461,AIG,218
a078000000TwTtQAAV,a2i800000048GwS,PGM-37567,1647,Northern California,Eastland Hills,300,4/24/2017,UA-91327653-7,175055189,Standard Management Company,296
a078000000Qq0o9AAB,a2i800000048GwT,PGM-37568,1441,Southwest,Broadstone Arts District,0,3/24/2017,UA-82704901-1,127925403,Alliance Residential Company,280
a078000000PgXn0AAF,a2i800000048Gz9,PGM-37734,1265,Pacific Northwest,Infinity,0,9/22/2016,UA-56528190-1,173652938,BlackRock,248
a078000000PgXn0AAF,a2i800000048GzA,PGM-37735,1265,Pacific Northwest,Infinity,900,11/30/2014,UA-56528190-1,173652938,BlackRock,248
a078000000RpleRAAR,a2i800000048GwU,PGM-37569,1493,Northern California,The Dwight,600,8/22/2016,UA-91327653-6,168755355,Olympic Residential Group,99
a078000000TwO4ZAAV,a2i800000048GwV,PGM-37570,1627,Southern California,Marquis @ Otay Ranch,0,3/16/2017,UA-93239903-47,190140552,Oakwood Development,98
a078000000Qq0onAAB,a2i800000048GwX,PGM-37572,1553,Central,Broadstone Tinsley Park,0,6/1/2017,UA-50039503-2,152041683,Alliance Residential Company,365
a078000000TvJA7AAN,a2i800000048Gwa,PGM-37575,1621,Central,Concord,300,4/24/2017,UA-50024608-3,152306734,Aspen Heights Partners,346
a078000000TvJACAA3,a2i800000048Gwb,PGM-37576,1619,Southwest,Sun Village,0,2/24/2017,UA-27766263-2,189950602,Texas Capital Partners,572
a078000000SpZxWAAV,a2i800000048Gww,PGM-37597,1594,Southern California,The Galleria,0,3/1/2017,UA-93239903-1,172027757,Raintree Partners,182
a078000000SpXT6AAN,a2i800000048Gwy,PGM-37599,1589,Mountain,Waterford Cherry Creek,0,12/20/2016,UA-34798102-7,171360393,Braddock & Logan,324
a078000000RqG19AAF,a2i800000048Gwz,PGM-37600,1499,Mountain,Avanti at Farmington Station,300,12/8/2016,UA-85620594-1,165000731,Castle Creek Homes,142
a078000000RqGA1AAN,a2i800000048Gx0,PGM-37601,1462,Northern California,Westridge At Hilltop - Phase 2,0,12/1/2016,UA-51059903-1,185004655,Menlo Capital Group,79
a078000000SpERGAA3,a2i800000048Gx1,PGM-37602,1583,Southern California,Accent,0,1/9/2017,UA-86905300-2,170629652,American Realty Advisors (ARA),196
a078000000SpWiTAAV,a2i800000048Gx2,PGM-37603,1584,Southwest,Biscayne Bay (AZ),0,9/12/2017,UA-86860765-2,189939357,Everest Holdings,512
a078000000SpToYAAV,a2i800000048Gx3,PGM-37604,1582,Southwest,Strayhorse,0,11/18/2016,UA-86860765-3,189932270,Equity Residential,136
a078000000RyzlKAAR,a2i800000048Gx4,PGM-37605,1515,Northern California,Encasa,900,6/3/2016,UA-79319605-1,123911108,Raintree Partners,465
a078000000Qq0oJAAR,a2i800000048Gx5,PGM-37606,1512,Central,Broadstone 5151,300,9/9/2016,UA-80368842-1,178501662,Alliance Residential Company,245
a078000000SpDcRAAV,a2i800000048Gx6,PGM-37607,1564,Mountain,Encore,0,3/22/2017,UA-86401742-1,180064417,Invesco Realty Advisors,189
a078000000Rz0gdAAB,a2i800000048Gx9,PGM-37610,1491,Northern California,Naya,300,10/3/2016,UA-80412878-1,183099362,The Sobrato Organization,156
a078000000S051NAAR,a2i800000048GxA,PGM-37611,1526,Central,Boardwalk Med Center,0,1/23/2017,UA-86652676-1,178131905,Starlight Investments Ltd.,276
a078000000RzXUGAA3,a2i800000048GxE,PGM-37615,1517,Southwest,Aria on Mill,600,9/14/2016,UA-83948607-1,189944303,"Pathfinder Partners, LLC",76
a078000000RqRw4AAF,a2i800000048Gxy,PGM-37661,1446,Southeast,Grand Pavilion Condominiums,0,3/31/2016,UA-78230999-1,186811176,ESG Kullen,264
a078000000QrfXtAAJ,a2i800000048Gxz,PGM-37662,1424,Southeast,Bloomingdale Woods,300,4/22/2016,UA-77004900-1,189900965,ESG Kullen,224
a078000000RpTy1AAF,a2i800000048Gy1,PGM-37664,1448,Southwest,Aderra (AZ),300,3/23/2016,UA-75806613-1,119421416,"Pathfinder Partners, LLC",29
a078000000RoqvoAAB,a2i800000048Gy2,PGM-37665,1437,Northeast,The Lena,300,2/6/2016,UA-75868580-1,172952572,Castle Lanterra Properties,224
a078000000QrfXyAAJ,a2i800000048Gy5,PGM-37668,1425,Southeast,BelAire Gardens at Boca Raton,0,3/22/2016,UA-75412811-1,153639517,ESG Kullen,338
a078000000RpMaeAAF,a2i800000048Gy6,PGM-37669,1443,Northeast,222 Saratoga,0,3/18/2016,UA-73404205-1,172062855,Castle Lanterra Properties,84
a078000000RpMajAAF,a2i800000048Gy7,PGM-37670,1573,Northeast,Watergate Pointe I,300,3/18/2016,UA-73404701-1,184959952,Castle Lanterra Properties,303
a078000000QrW9wAAF,a2i800000048GyD,PGM-37676,1433,Central,Villas Tech Ridge,300,3/18/2016,UA-74933207-1,164997943,Castle Lanterra Properties,350
a078000000Qrvg9AAB,a2i800000048GyF,PGM-37678,1432,Mountain,Waterford at Southlands,300,3/18/2016,UA-73737430-1,169266447,Braddock & Logan,300
a078000000QFaRpAAL,a2i800000048GyH,PGM-37680,1409,Mountain,VIA,0,10/19/2015,UA-70296400-1,159755477,Castlewood Development,80
a078000000QrqiDAAR,a2i800000048GyI,PGM-37681,1423,Mountain,Outlook Littleton,0,1/25/2016,UA-72857349-1,169250637,Braddock & Logan,250
a078000000EjpbdAAB,a2i800000048H1S,PGM-37877,762,Southern California,Genoa,0,10/14/2010,UA-50377017-1,183763504,Prudential,50
a078000000DWE64AAH,a2i800000048H1U,PGM-37879,826,Southern California,Axiom La Jolla,0,9/14/2010,UA-32949060-1,143128393,Raintree Partners,302
a078000000D8NKxAAN,a2i800000048H1V,PGM-37880,825,Southwest,Albuquerque Uptown Village,0,11/30/2014,UA-27766263-1,175028542,Barings Real Estate Advisers,198
a0780000002w5XoAAI,a2i800000048H1d,PGM-37888,797,Southern California,Regents Court,0,4/12/2010,UA-86905300-5,162855472,TIAA,251
a0780000002w4QOAAY,a2i800000048H1e,PGM-37889,1055,Central,Republic Park Vista,0,4/13/2014,UA-36359487-1,153639128,Momentum Real Estate Partners,308
a07800000074LIAAA2,a2i800000048H1j,PGM-37894,762,Southern California,Portofino,0,1/15/2010,UA-50377017-1,183763504,Prudential,50
a0780000006YxKhAAK,a2i800000048H1k,PGM-37895,772,Southern California,Mountain View Apartments,0,12/8/2009,UA-36362577-1,164952421,Raintree Partners,168
a078000000QDW5qAAH,a2i800000048GyM,PGM-37685,1184,Central,Broadstone 3800 Main (Phase II),0,12/21/2015,UA-50036212-1,178480741,Alliance Residential Company,116
a078000000QqyHgAAJ,a2i800000048GyP,PGM-37688,1408,Mountain,Canyons at Saddle Rock,300,12/13/2015,UA-70886346-1,169237412,Braddock & Logan,263
a078000000QDq0YAAT,a2i800000048GyS,PGM-37691,1378,Pacific Northwest,Broadstone Sky,300,9/29/2015,UA-68030500-1,173623667,AEW Capital Management,151
a078000000Qq1hYAAR,a2i800000048GyT,PGM-37692,1388,Southern California,El Norte Villas,0,11/9/2015,UA-77004900-1,189900965,G W Williams Co.,236
a078000000Qq3DTAAZ,a2i800000048GyU,PGM-37693,1392,Southern California,Willow Creek,0,11/9/2015,UA-70956416-1,112817288,G W Williams Co.,107
a078000000Qq3DJAAZ,a2i800000048GyV,PGM-37694,1391,Southern California,Carlsbad Coast,0,11/9/2015,UA-70955021-1,142222148,G W Williams Co.,72
a078000000Qq3DYAAZ,a2i800000048GyW,PGM-37695,1393,Southern California,Montecito Point,0,11/9/2015,UA-70955021-1,142222148,G W Williams Co.,72
a078000000Qq3DdAAJ,a2i800000048GyX,PGM-37696,1389,Southern California,Park Bonita,0,11/9/2015,UA-70956416-1,112817288,G W Williams Co.,184
a0780000003Ryr7AAC,a2i800000048H2Q,PGM-37937,561,Mountain,Lowry Park,300,1/22/2016,UA-25754460-1,179620811,Prudential,600
a0780000003RyqnAAC,a2i800000048H2R,PGM-37938,531,Northern California,Cotton Wood,0,3/1/2007,UA-29263207-1,164972821,Northwestern Mutual Life Insurance Company,248
a0780000003RyrZAAS,a2i800000048H2T,PGM-37940,403,Southern California,Stone Canyon (California),0,2/21/2018,UA-36351582-1,188086309,St. Regis Properties,208
a0780000003Ryr2AAC,a2i800000048H2U,PGM-37941,373,Central,Landera,0,3/2/2006,UA-12129126-25,35871109,Harvest Equities,184
a0780000003Ryq9AAC,a2i800000048H2W,PGM-37943,374,Central,Broadstone Medical,0,3/2/2006,UA-69125602-1,110404904,Harvest Equities,384
a0780000003RyqrAAC,a2i800000048H2X,PGM-37944,372,Central,Fountainhead,0,3/1/2006,UA-12129126-26,89372425,Harvest Equities,688
a0780000003RyrYAAS,a2i800000048H2a,PGM-37947,1321,Southwest,Stone Canyon (Arizona),300,6/15/2017,UA-36365770-1,153616253,"Caspian Properties, Inc",392
a0780000003RyrbAAC,a2i800000048H2c,PGM-37949,257,Northern California,Tamarind Square,300,9/30/2015,UA-24819571-8,164950510,The Sobrato Organization,123
a0780000003RyqsAAC,a2i800000048H2i,PGM-37955,2,Northern California,Frederick Park,0,4/1/2001,UA-136947774-2,192195458,Foundation of CSUMB,466
a078000000PgKbeAAF,a2i800000048GzK,PGM-37745,1261,Southern California,Pico Lanai,0,12/19/2015,UA-58071863-1,142896479,Raintree Partners,174
a078000000P19n6AAB,a2i800000048GzL,PGM-37746,1216,Central,Broadstone Sierra Pines,300,12/15/2017,UA-50021018-1,178510127,Alliance Residential Company,341
a078000000P0DhuAAF,a2i800000048GzO,PGM-37749,1228,Mountain,The Alloy at Geneva,300,11/5/2014,UA-56818968-1,179689764,Castlewood Development,324
a078000000P1tjkAAB,a2i800000048GzQ,PGM-37751,1218,Southern California,Broadstone Candara Hancock Park,300,10/31/2014,UA-56830312-1,188069832,Prudential,103
a078000000PfjulAAB,a2i800000048GzR,PGM-37752,1242,Northern California,Ironwood Apartments,0,11/6/2018,UA-57041797-1,94297001,Raintree Partners,240
a078000000PfU1SAAV,a2i800000048GzS,PGM-37753,1232,Pacific Northwest,Dexter Lake Union,300,10/31/2014,UA-55457855-1,172087276,The Sobrato Organization,201
a078000000PfU0PAAV,a2i800000048GzT,PGM-37754,1231,Pacific Northwest,Axis,300,10/31/2014,UA-55452293-1,173696064,The Sobrato Organization,116
a078000000PfU1mAAF,a2i800000048GzU,PGM-37755,1233,Pacific Northwest,Lions Gate South,300,10/31/2014,UA-55463619-1,172070620,The Sobrato Organization,355
a078000000PfU2GAAV,a2i800000048GzV,PGM-37756,1234,Pacific Northwest,The Wyatt,300,10/31/2014,UA-55449192-1,92077736,The Sobrato Organization,245
a078000000Ho7XzAAJ,a2i800000048H18,PGM-37857,1397,Southwest,Mountainside,300,9/5/2014,UA-27684445-1,153639282,"Caspian Properties, Inc",288
a0780000002w4PMAAY,a2i800000048H19,PGM-37858,878,Southwest,Broadstone Solaire,300,4/30/2014,UA-31181441-1,153642414,Alliance Residential Company,249
a078000000HoPOeAAN,a2i800000048H1A,PGM-37859,899,Mountain,The Ridge at Lowry,0,2/15/2012,UA-27765588-1,146245070,MIG Real Estate,240
a0780000002w5VMAAY,a2i800000048H1F,PGM-37864,862,Mountain,Foxboro Terrace I,300,2/16/2012,UA-24799776-1,184752588,The Ensign Group,180
a078000000GbTTwAAN,a2i800000048H1H,PGM-37866,858,Northern California,The Windsor,0,3/15/2011,UA-32946353-1,169788495,Tarigo Company,125
a078000000FommdAAB,a2i800000048H1I,PGM-37867,848,Southern California,1200 Riverside,0,2/28/2011,UA-27761585-1,143068963,Raintree Partners,270
a078000000Fo9LSAAZ,a2i800000048H1M,PGM-37871,842,Northern California,Vineyard Gardens,0,4/24/2017,UA-32947542-1,186674136,St. Regis Properties,180
a078000000Fo7Y7AAJ,a2i800000048H1N,PGM-37872,843,Northern California,The Crossing at Arroyo Trails,0,11/19/2010,UA-38164374-1,142021341,Raintree Partners,125
a078000000EughhAAB,a2i800000048H1P,PGM-37874,831,Southern California,Flower Fields,0,10/15/2010,UA-30573305-1,171996635,Raintree Partners,132
a078000000EjpbTAAR,a2i800000048H1R,PGM-37876,762,Southern California,Arrezo,0,10/14/2010,UA-50377017-1,183763504,Prudential,50
a078000000JpJQkAAN,a2i800000048H0o,PGM-37837,1359,Mountain,The Pointe at Northridge,0,7/28/2015,UA-50124120-1,181560541,"Tungsten Properties, Inc.",183
a078000000KnMjGAAV,a2i800000048H0q,PGM-37839,1003,Southern California,Colony Parc,0,10/31/2012,UA-43072171-1,191261988,Raintree Partners,272
a0780000002w4yNAAQ,a2i800000048H0r,PGM-37840,996,Southwest,San Riva At The Foothills,0,10/22/2012,UA-48006106-1,175353509,"Belkorp Industries, Inc.",267
a078000000IPZQjAAP,a2i800000048H0s,PGM-37841,933,Southeast,Broadstone North Boca Village,300,4/29/2014,UA-32950935-1,183495688,Prudential,384
a0780000002w56iAAA,a2i800000048H0t,PGM-37842,959,Mountain,Altitude,0,3/31/2015,UA-34798102-1,146216897,MIG Real Estate,196
a078000000Jos0oAAB,a2i800000048H0u,PGM-37843,957,Mountain,The Hamptons,0,4/13/2014,UA-35001556-1,146812663,MIG Real Estate,312
a078000000Jos0tAAB,a2i800000048H0v,PGM-37844,958,Mountain,The Huntington,300,4/13/2014,UA-34906745-1,146573710,MIG Real Estate,288
a078000000D5y5lAAB,a2i800000048H11,PGM-37850,1205,Mountain,Park Lane Village,0,9/24/2014,UA-24426005-1,176651682,Covey Regional Management,324
a078000000IMoLQAA1,a2i800000048H12,PGM-37851,921,Southwest,Serafina at South Mountain,0,2/28/2012,UA-30571114-1,189920616,The Yolanda E Guerrero Trust,183
a0780000002w4YYAAY,a2i800000048H13,PGM-37852,922,Southwest,Palazzo Townhomes,0,2/28/2012,UA-30570714-1,189940061,The Yolanda E Guerrero Trust,214
a0780000002w56UAAQ,a2i800000048H14,PGM-37853,912,Southwest,San Cierra,0,12/29/2011,UA-28147181-1,174155813,"Belkorp Industries, Inc.",332
a078000000HoSz4AAF,a2i800000048H16,PGM-37855,901,Southern California,Monarch at Shadowridge,0,1/16/2017,UA-29090822-1,169762439,Invesco Realty Advisors,314
a078000000PhzHnAAJ,a2i800000048GzD,PGM-37738,1288,Central,Midtown Commons at Crestview Station Phase II,0,2/6/2015,UA-61648990-1,184732779,MIG Real Estate,246
a078000000Pi3UoAAJ,a2i800000048GzE,PGM-37739,1282,Southwest,Indigo,300,1/21/2015,UA-58968020-1,174152784,"Belkorp Industries, Inc.",104
a078000000PhvBsAAJ,a2i800000048GzH,PGM-37742,1277,Mountain,Elevate on 5th,600,9/24/2015,UA-61125005-1,175489652,The Reliant Group,239
a078000000RzxRYAAZ,a2i800000048Gwe,PGM-37579,1518,Southern California,Jefferson Platinum Triangle,900,8/18/2016,UA-83147200-1,191412013,"JPI Partners, LLC",400
a078000000RqTTcAAN,a2i800000048Gwf,PGM-37580,1467,Southwest,Boca Raton,0,2/3/2017,UA-28080357-2,154841403,Richard J. Peterson,210
a078000000QEIzmAAH,a2i800000048Gwg,PGM-37581,1496,Southeast,Broadstone Brickell,900,9/16/2016,UA-83142714-1,186813031,Clarion Partners,372
a078000000Tv171AAB,a2i800000048Gwh,PGM-37582,1613,Mountain,The Essex,0,7/14/2017,UA-85533256-4,181606925,Timberlane Partners,180
a078000000TvA4DAAV,a2i800000048Gwj,PGM-37584,1611,Southwest,Joshua Hills,0,1/26/2017,UA-28080357-3,175443384,Blue Marble Development,180
a078000000SpY9aAAF,a2i800000048Gwm,PGM-37587,1591,Mountain,Gate at Canyon Ridge,0,1/17/2017,UA-85533256-8,181654365,WLA Investments,167
a078000000Tv8l2AAB,a2i800000048Gwo,PGM-37589,1607,Southwest,Laguna at Arrowhead Ranch,0,1/12/2017,UA-86860765-4,162500323,Rivendell Global Real Estate Inc.,160
a078000000Rq6cTAAR,a2i800000048Gwp,PGM-37590,1516,Mountain,Aderra (UT),0,10/17/2016,UA-85533256-1,169792034,Uinta Land Company,114
a078000000Tv176AAB,a2i800000048Gwt,PGM-37594,1603,Mountain,The Mercer,0,12/30/2016,UA-85533256-3,181551255,Timberlane Partners,73
a078000000Tv16wAAB,a2i800000048Gwu,PGM-37595,1604,Southern California,Gibson Santa Monica,300,1/3/2017,UA-86905300-3,188009555,ASB Real Estate Investments,106
a078000000SpY9LAAV,a2i800000048Gwv,PGM-37596,1586,Mountain,Regatta Sloan's Lake,0,12/19/2016,UA-34798102-5,179601007,Castle Lanterra Properties,369
a078000000NCESxAAP,a2i800000048H0A,PGM-37797,1557,Southern California,Oak Springs Ranch,0,5/1/2017,UA-44898482-1,183248374,R & V Management,312
a078000000NDFdNAAX,a2i800000048H0C,PGM-37799,1281,Central,Broadstone Park West,0,4/29/2014,UA-43410721-1,149496673,Starlight Investments Ltd.,370
a078000000NswxqAAB,a2i800000048H0E,PGM-37801,1569,Southwest,South Blvd,0,3/22/2017,UA-49677313-1,178654042,Starlight Investments Ltd.,320
a078000000NseYHAAZ,a2i800000048H0F,PGM-37802,1132,Northern California,Pacific Terrace West,0,5/10/2014,UA-47007909-1,182096775,EMD Properties,46
a078000000NseA5AAJ,a2i800000048H0G,PGM-37803,1129,Northern California,Sierrabrook,300,5/10/2014,UA-47010001-1,181989894,EMD Properties,220
a078000000NseamAAB,a2i800000048H0H,PGM-37804,1131,Northern California,Casa Verde Apartments,0,4/30/2014,UA-47008709-1,182051200,EMD Properties,149
a078000000NrND3AAN,a2i800000048H0J,PGM-37806,1125,Southwest,Verde,0,11/26/2013,UA-47453603-1,161414898,"The Greystone Group, Inc.",204
a078000000NCETaAAP,a2i800000048H0L,PGM-37808,1096,Southern California,Broadstone Coronado on the Bay,0,5/10/2014,UA-45652693-1,78990341,Alliance Residential Company,549
a078000000NrtY5AAJ,a2i800000048H0M,PGM-37809,1122,Southwest,Talavera,300,4/30/2014,UA-49784503-1,186671277,"Pathfinder Partners, LLC",144
a078000000NqBtRAAV,a2i800000048H0N,PGM-37810,1112,Central,Palm Valley,0,2/21/2018,UA-46009123-1,160922177,Starlight Investments Ltd.,340
a078000000NsNVcAAN,a2i800000048H0O,PGM-37811,1419,Southwest,Farmer Avenue Lofts,0,12/30/2015,UA-45656603-1,177813608,Tincath,18
a078000000NqA9gAAF,a2i800000048H0T,PGM-37816,1107,Central,Terra at Piney Point,300,11/30/2014,UA-45491083-1,176635681,FrontRange Capital Partners,246
a0780000003RyquAAC,a2i800000048H26,PGM-37917,691,Northern California,Heritage Park,0,11/10/2008,UA-41504739-1,182015822,GEM Management,508
a0780000003RyruAAC,a2i800000048H27,PGM-37918,690,Northern California,Willowbend,0,11/10/2008,UA-29541348-1,182071667,GEM Management,330
a0780000003Ryr6AAC,a2i800000048H2B,PGM-37922,679,Pacific Northwest,Lions Gate North,300,6/23/2016,UA-24819571-6,172092730,The Sobrato Organization,200
a0780000003RypaAAC,a2i800000048H2C,PGM-37923,680,Pacific Northwest,Bella Vista,300,1/1/2016,UA-28009606-1,173647424,The Sobrato Organization,182
a0780000003RyqzAAC,a2i800000048H2D,PGM-37924,681,Northern California,La Terraza,300,9/30/2015,UA-36351664-1,183140405,The Sobrato Organization,258
a0780000003RyqvAAC,a2i800000048H2E,PGM-37925,672,Southern California,Imperia at NoHo,0,6/13/2008,UA-77505103-1,188019998,Prudential,103
a0780000003RypTAAS,a2i800000048H2J,PGM-37930,634,Northern California,Abrams Park,0,1/1/2008,UA-36365352-1,66145767,"City of Marina, CA",194
a0780000003RyrLAAS,a2i800000048H2K,PGM-37931,1376,Northern California,Preston Park,0,9/14/2015,UA-36351580-1,66293615,"City of Marina, CA",354
a0780000003RyriAAC,a2i800000048H2L,PGM-37932,633,Southern California,The Montecito,300,10/18/2016,UA-24819571-7,187582035,The Sobrato Organization,85
a0780000003Ryr0AAC,a2i800000048H2M,PGM-37933,593,Northern California,Aspen Ridge,300,2/24/2017,UA-24819571-3,183094243,The Sobrato Organization,260
a0780000003RyqhAAC,a2i800000048H2N,PGM-37934,578,Southern California,City Place,0,7/1/2007,UA-36455106-1,188008174,The Sobrato Organization,214
a0780000003RyrmAAC,a2i800000048H2P,PGM-37936,573,Central,Townhomes at Limestone Oaks,0,7/1/2007,UA-69125602-9,194744011,Harvest Equities,76
a0780000003RyrEAAS,a2i800000048H2l,PGM-37958,1412,Southern California,Ocean Palms,0,1/1/2016,UA-36362681-1,66290713,BB&K Homes,48
a0780000003RyrGAAS,a2i800000048H2s,PGM-37965,94,Southern California,Overlook at Bernardo Heights,0,12/1/1996,UA-33018482-1,153605649,State Teachers Retirement System of Ohio,330
a078000000RplisAAB,a2i800000048Gvz,PGM-37538,1546,Southeast,Broadstone Passerelle,0,8/18/2017,UA-86563073-1,150648306,Alliance Residential Company,392
a078000000Rq9eJAAR,a2i800000048Gw0,PGM-37539,1527,Northern California,O&M,300,10/3/2016,UA-86788798-3,165019965,Mitsui Fudosan America,116
a078000000SphCnAAJ,a2i800000048Gw1,PGM-37540,1596,Southern California,Domain WeHo,0,4/24/2017,UA-93239903-3,147751184,Barings Real Estate Advisers,166
a078000000QoSE8AAN,a2i800000048Gw2,PGM-37541,1534,Mountain,Moda Bonneville,0,12/14/2017,UA-85533256-17,179614848,JF Capital,158
a078000000TwsFaAAJ,a2i800000048Gw6,PGM-37545,1633,Southeast,Grand Reserve at Kirkman Parke Condominiums,0,6/30/2017,UA-75412811-7,151266787,ESG Kullen,241
a078000000TwhJiAAJ,a2i800000048Gw8,PGM-37547,1653,Mountain,Aspen Cove Townhomes,300,5/15/2017,UA-85533256-6,181591189,"Tungsten Properties, Inc.",74
a078000000TwDm0AAF,a2i800000048GwA,PGM-37549,1634,Southwest,Plata 47,0,7/15/2017,UA-28080357-11,172968430,29th Street Capital,218
a078000000TwTtaAAF,a2i800000048GwB,PGM-37550,1646,Northern California,Boulders,300,6/1/2017,UA-28080357-6,175467262,Standard Management Company,276
a078000000TwTtLAAV,a2i800000048GwC,PGM-37551,1648,Northern California,Spring Villas,300,6/15/2017,UA-28080357-5,175028834,Standard Management Company,160
a078000000Tw9VuAAJ,a2i800000048GwD,PGM-37552,1633,Southeast,Grand Reserve at Kirkman Parke,0,4/19/2017,UA-75412811-7,151266787,ESG Kullen,241
a078000000SpUfFAAV,a2i800000048GwE,PGM-37553,1598,Mountain,17Walnut,0,4/18/2017,UA-34798102-8,180037926,Rivendell Global Real Estate Inc.,26
a078000000Qqh8PAAR,a2i800000048GwF,PGM-37554,1602,Central,Broadstone Evoke,300,5/1/2017,UA-86746550-1,178488803,Alliance Residential Company,459
a078000000Rz0ELAAZ,a2i800000048GwH,PGM-37556,1545,Northern California,Anton Menlo,0,4/24/2017,UA-86788798-6,150638842,St. Anton Partners,394
a078000000QpoGpAAJ,a2i800000048GyZ,PGM-37698,1387,Northeast,Harbor Pointe,300,11/30/2017,UA-70249403-1,111912507,Castle Lanterra Properties,544
a078000000Rplj2AAB,a2i800000048GvN,PGM-37500,1605,Southeast,Broadstone Plantation,0,8/18/2017,UA-75412811-5,151564651,Alliance Residential Company,250
a078000000S0LdSAAV,a2i800000048GvO,PGM-37501,1543,Mountain,Avida,600,8/25/2017,UA-85533256-9,158797475,Timberlane Partners,401
a078000000QE4H9AAL,a2i800000048Guw,PGM-37473,1663,Mountain,Icon 9700,0,10/4/2017,UA-85533256-5,180018143,Magna Management Investors,264
a078000000QqKWRAA3,a2i800000048Gux,PGM-37474,1618,Northern California,The Standard (CA),600,6/15/2017,UA-86788798-2,183218573,The Sobrato Organization,190
a078000000U0sGtAAJ,a2i800000048GvY,PGM-37511,1725,Northern California,Park Place (CA),0,7/25/2017,UA-91327653-33,156421569,Braddock & Logan,37
a078000000RpxsCAAR,a2i800000048Gva,PGM-37513,1612,Southern California,Metro Gateway,0,4/28/2017,UA-81884584-1,126980516,MBK Homes,187
a078000000TwkIOAAZ,a2i800000048Gvc,PGM-37515,1654,Southeast,Loftin Place,300,7/27/2017,UA-75412811-8,184767302,Castle Lanterra Properties,259
a078000000U0sHSAAZ,a2i800000048Gvd,PGM-37516,1717,Northern California,Westcliffe Trail,0,7/19/2017,UA-91327653-26,193615397,Braddock & Logan,30
a078000000PiEmfAAF,a2i800000048Gyi,PGM-37707,1301,Mountain,Element 31,600,7/24/2015,UA-65916226-1,181542403,The Ritchie Group,208
a078000000QpRjkAAF,a2i800000048Gyj,PGM-37708,1365,Mountain,Villas on Main,300,12/8/2015,UA-68725612-1,179590146,Castle Creek Homes,144
a078000000QpnMZAAZ,a2i800000048Gyk,PGM-37709,1366,Mountain,Pinnacle Highbury,300,9/22/2015,UA-67908624-1,179690555,Castle Creek Homes,290
a078000000QpnMPAAZ,a2i800000048Gyl,PGM-37710,1362,Central,The Dylan,300,9/8/2015,UA-67216717-1,176651680,Crow Holdings,125
a078000000QpjawAAB,a2i800000048Gyn,PGM-37712,1364,Southwest,Z- Xander 3900,0,8/11/2015,UA-66518042-1,153634454,Kennedy Wilson,480
a078000000PgRZGAA3,a2i800000048Gyq,PGM-37715,1259,Southern California,Sway,300,11/30/2014,UA-60322808-1,188061058,Prudential,122
a078000000PfULcAAN,a2i800000048GzW,PGM-37757,1237,Northern California,Domicilio,300,1/2/2017,UA-55466916-1,169792433,The Sobrato Organization,306
a078000000PfUL8AAN,a2i800000048GzX,PGM-37758,1239,Northern California,Mosaic Apartments,300,10/31/2014,UA-55474301-1,183161154,The Sobrato Organization,386
a078000000PfUKAAA3,a2i800000048GzY,PGM-37759,1238,Northern California,Elements,300,10/31/2014,UA-55468705-1,183145719,The Sobrato Organization,243
a078000000PfULwAAN,a2i800000048GzZ,PGM-37760,1235,Northern California,Bridgepointe,300,10/31/2014,UA-55459256-1,169758168,The Sobrato Organization,396
a078000000PfULmAAN,a2i800000048Gza,PGM-37761,1236,Northern California,Central Park at Whisman Station,300,10/31/2014,UA-55470905-1,183099719,The Sobrato Organization,354
a078000000OzekDAAR,a2i800000048Gzo,PGM-37775,1185,Central,The Allure,0,7/3/2014,UA-52526813-1,177962268,Starlight Investments Ltd.,334
a078000000P2niZAAR,a2i800000048Gzb,PGM-37762,1225,Mountain,The Argyle,0,10/31/2014,UA-57042597-1,94296801,WLA Investments,174
a078000000PewDxAAJ,a2i800000048Gzc,PGM-37763,1684,Southwest,Oceana,0,6/15/2017,UA-55955402-1,153635160,TruAmerica,240
a078000000P1RJPAA3,a2i800000048Gzf,PGM-37766,1212,Southwest,Paradise Palms,0,8/22/2014,UA-54901441-1,160859289,Ogden Capital,130
a078000000OMMvgAAH,a2i800000048Gzh,PGM-37768,1175,Mountain,The Station at Riverfront Park,0,8/22/2014,UA-34798102-4,174132711,Clarion Partners,273
a078000000OzoBRAAZ,a2i800000048Gzi,PGM-37769,1541,Southwest,Cantera,0,9/29/2016,UA-53513200-1,176724338,Aukum,288
a078000000P08a7AAB,a2i800000048Gzk,PGM-37771,1184,Central,Broadstone 3800 Main,300,11/27/2017,UA-50036212-1,178480741,Alliance Residential Company,116
a078000000OL1ieAAD,a2i800000048Gzn,PGM-37774,1174,Southwest,Broadstone Waterfront,300,6/13/2014,UA-48943619-1,169065291,JP Morgan,259
a078000000U1T0UAAV,a2i800000048Guo,PGM-37465,1696,Southern California,Alexan ALX,0,11/28/2017,UA-93239903-34,182214523,Trammell Crow Residential,313
a078000000U0sHXAAZ,a2i800000048Gve,PGM-37517,1718,Northern California,Ygnacio Village,0,7/19/2017,UA-91327653-27,176719240,Braddock & Logan,56
a078000000U0sGKAAZ,a2i800000048Gvf,PGM-37518,1723,Northern California,Kentwood,0,7/18/2017,UA-91327653-31,156068749,Braddock & Logan,224
a078000000U0sG0AAJ,a2i800000048Gvj,PGM-37522,1714,Northern California,City View,0,7/17/2017,UA-91327653-24,156008251,Braddock & Logan,20
a078000000RplhfAAB,a2i800000048Gvm,PGM-37525,1616,Southeast,Broadstone 8 South,0,7/14/2017,UA-90345346-1,138033264,Alliance Residential Company,330
a078000000TwDm5AAF,a2i800000048Gvr,PGM-37530,1629,Northern California,4801 Shattuck,300,6/29/2017,UA-91327653-9,184960960,Nautilus Group,44
a078000000RzTmOAAV,a2i800000048GxG,PGM-37617,1507,Central,Foundations at Woodland,300,10/3/2016,UA-84484376-1,177359114,White Oak Partners,384
a078000000U0sGPAAZ,a2i800000048Gvt,PGM-37532,1704,Northern California,Landing at Capitola,0,6/23/2017,UA-91327653-13,173693932,Braddock & Logan,50
a078000000RzTmJAAV,a2i800000048GxH,PGM-37618,1508,Central,Regency at Woodland,300,4/24/2017,UA-84483838-1,177301512,White Oak Partners,252
a078000000Rq9eYAAR,a2i800000048GxI,PGM-37619,1529,Mountain,The View on 26th,0,10/17/2016,UA-83590779-1,179591442,Rivendell Global Real Estate Inc.,83
a078000000QE4FpAAL,a2i800000048GxM,PGM-37623,1451,Mountain,Novi at Jordan Valley Station,0,4/18/2016,UA-76680640-1,153634946,Boulder Ventures Development Inc.,270
a078000000RzwQ2AAJ,a2i800000048GxP,PGM-37626,1521,Southwest,Del Sol,0,8/15/2016,UA-82834894-1,176631797,Aukum,168
a078000000RzwPdAAJ,a2i800000048GxQ,PGM-37627,1522,Southwest,Sonoran Vista,0,8/15/2016,UA-82718405-1,176656735,Aukum,264
a078000000Qq0pHAAR,a2i800000048GxT,PGM-37630,1475,Mountain,Dylan,0,6/23/2016,UA-82530308-1,127697811,Alliance Residential Company,274
a078000000PgKboAAF,a2i800000048GxU,PGM-37631,1269,Northern California,777 Hamilton,600,4/18/2016,UA-56407725-1,182356672,Greenheart Land Company,195
a078000000S029tAAB,a2i800000048GxW,PGM-37633,1503,Southern California,Axiom Tustin II,600,7/28/2016,UA-81356044-1,142861644,Raintree Partners,536
a078000000QE4LaAAL,a2i800000048GxX,PGM-37634,1352,Mountain,Parkway Lofts,0,9/30/2015,UA-68483514-1,179583482,Lowe Property Group,332
a078000000RzVNWAA3,a2i800000048GxR,PGM-37628,1509,Southwest,The Maddox,0,6/15/2017,UA-81752200-1,186740661,"Pathfinder Partners, LLC",224
a078000000RzXTXAA3,a2i800000048GxY,PGM-37635,1503,Southern California,Axiom Tustin,0,7/28/2016,UA-81356044-1,142861644,Raintree Partners,536
a078000000QDWHNAA5,a2i800000048GxZ,PGM-37636,1494,Central,Broadstone Woodmill Creek,300,2/21/2018,UA-69155700-1,178632607,UBS Realty Investors LLC,380
a072E00000WuNiaQAF,a2i2E0000053Zgc,PGM-84720,2008,Southern California,Entrada,0,1/31/2019,UA-133590899-2,189780563,Ideal Capital Investments,172
a072E00000WuNipQAF,a2i2E0000053Zfm,PGM-84668,2015,Southern California,Regents La Jolla,0,2/12/2019,UA-133590899-3,189911901,Raintree Partners,333
a078000000TvLrrAAF,a2i80000003Tle6,PGM-64124,1847,Southeast,Broadstone Yards,0,9/21/2018,UA-27983644-2,160906904,Alliance Residential Company,251
a078000000VEGjBAAX,a2i80000003TlZP,PGM-63848,1798,Southwest,Promenade at Sahara,0,1/26/2018,UA-28080357-12,168525302,29th Street Capital,312
a078000000VEGicAAH,a2i80000003TlVa,PGM-63641,1799,Southern California,Tesoro,0,1/2/2018,UA-93239903-15,166930327,4G Ventures,188
a078000000VEGj1AAH,a2i80000003TlYI,PGM-63779,1797,Southern California,The Crossing Apartments,0,1/19/2018,UA-93239903-16,168012587,"RedHill Realty Investors, LP",312
a078000000RplebAAB,a2i80000003TlWm,PGM-63710,1682,Pacific Northwest,Elara,300,3/12/2018,UA-55452293-10,171363282,Johnson Development Associates (JDA),150
a078000000QGL3aAAH,a2i80000003TlLi,PGM-63089,1839,Mountain,Moda Granary Place,0,6/25/2018,UA-85533256-19,168480692,JF Capital,134
a078000000SpVenAAF,a2i80000003TlMp,PGM-63158,1665,Southern California,Broadstone North Park,0,8/16/2018,UA-93239903-20,188681770,Alliance Residential Company,118
a078000000Sp6luAAB,a2i80000003TlTV,PGM-63572,1814,Southeast,Broadstone Gulch,0,7/20/2018,UA-69510721-3,165495979,Alliance Residential Company,238
a078000000QojnVAAR,a2i80000003TlSO,PGM-63503,1662,Southeast,X-Miami,0,4/2/2018,UA-75412811-10,172735507,Property Markets Group,464
a078000000Sp2C8AAJ,a2i80000003TlKb,PGM-63020,1623,Mountain,Block 44,300,6/19/2018,UA-85533256-2,177304770,Wright Development Group,214
a078000000SJ71pAAD,a2i80000003TlEx,PGM-62675,1786,Southern California,Broadstone Makers Quarter,0,9/6/2018,UA-93239903-18,184229856,Alliance Residential Company,265
a078000000QoFllAAF,a2i80000003TXRR,PGM-55668,1758,Southwest,Dusk,0,,UA-75150914-1,150961427,Modus Development,41
a078000000VD7UkAAL,a2i80000003TblC,PGM-60682,1782,Pacific Northwest,Youngstown Flats,300,1/17/2018,UA-55452293-9,167987247,AAA Management (Liza Castillo),195
a078000000VD7UfAAL,a2i80000003Tbk4,PGM-60612,1778,Mountain,Timbers Apartments,0,12/15/2017,UA-110556546-1,166262733,Texas Capital Partners,85
a078000000TuwtmAAB,a2i80000003TbnS,PGM-60822,1683,Mountain,Nexus on 9th,0,2/2/2019,UA-119885607-3,186609160,Watt Investment Partners,28
a078000000RplelAAB,a2i80000003ULI2,PGM-73842,1859,Pacific Northwest,Origin,0,5/4/2018,UA-55452293-4,172078388,JB Matteson,153
a078000000UPvxPAAT,a2i80000003MEbN,PGM-55504,1749,Southeast,Carillon,0,12/4/2017,UA-69510721-2,165685877,GAIA Real Estate,306
a072E00000WuGpyQAF,a2i2E0000053X86,PGM-83236,1991,Central,Meritage at Steiner Ranch,0,12/11/2018,UA-50024608-7,194135623,LivCor,502
a072E00000WuGqNQAV,a2i2E0000053XAf,PGM-83395,1996,Central,Rosemont at Olmos Park,0,12/11/2018,UA-69125602-7,186610591,LivCor,144
a072E00000WuGqDQAV,a2i2E0000053X7F,PGM-83183,1994,Central,Hills at Fair Oaks,0,12/11/2018,UA-69125602-5,186598164,LivCor,288
a072E00000WuGq3QAF,a2i2E0000053XBW,PGM-83448,1992,Central,Trails at Buda Ranch,0,12/11/2018,UA-50024608-8,186616038,LivCor,264
a072E00000WuGq8QAF,a2i2E0000053XCN,PGM-83501,1993,Central,Montelena,0,12/11/2018,UA-50024608-9,186588974,LivCor,232
a072E00000WuGptQAF,a2i2E0000053X8x,PGM-83289,1989,Central,Springmarc,0,12/11/2018,UA-50024608-6,194181935,LivCor,240
a072E00000WuGqIQAV,a2i2E0000053X9o,PGM-83342,1995,Central,Ashley Oaks,0,12/11/2018,UA-69125602-6,186628252,LivCor,462
a078000000VClxNAAT,a2i80000003TX8h,PGM-55587,1754,Central,McDermott Place,300,11/7/2017,UA-83547238-6,177292479,White Oak Partners,324
a078000000TvAhCAAV,a2i80000003TYz0,PGM-56465,1744,Southeast,Broadstone Winter Park,0,12/4/2017,UA-75412811-9,165600495,Alliance Residential Company,268
a078000000VDH6YAAX,a2i80000003TcvQ,PGM-61971,1777,Southwest,The Sterling,600,12/28/2017,UA-107271747-8,186763807,"Pathfinder Partners, LLC",107
a078000000Wtx8MAAR,a2i800000053SHe,PGM-81163,1963,Southeast,Crosswynde Condominiums,0,10/1/2018,UA-75412811-4,186835980,ESG Kullen,453
a078000000Wtx8RAAR,a2i800000053SIV,PGM-81216,1951,Central,Highpoint at Cypresswood,0,10/15/2018,UA-50039503-14,184132028,Blackstone Group,336
a078000000VEouGAAT,a2i80000003Uxm6,PGM-76864,1891,Southwest,Uptown Square,0,7/23/2018,UA-27766263-4,178655242,HiCap Management LLC,122
a078000000D8NKxAAN,a2i80000003U9n9,PGM-69263,825,Southwest,Albuquerque Uptown Village,0,7/1/2017,UA-27766263-1,175028542,Barings Real Estate Advisers,198
a072E00000XZxVsQAL,a2i2E000004vIsV,PGM-89445,2103,Southwest,Ely at the Curve (West),0,3/25/2019,UA-28080357-21,190549387,The Calida Group,302
a078000000QG4omAAD,a2i2E000004vIuH,PGM-89555,2105,Southern California,The Current,0,4/5/2019,UA-73090215-1,188433746,"Studio Management Services, Inc.",223
a072E00000WuWIhQAN,a2i2E000004vItO,PGM-89500,2103,Southwest,Ely at the Curve (East),0,3/25/2019,UA-28080357-21,190549387,The Calida Group,302
a078000000VDPGfAAP,a2i80000003TdUk,PGM-62184,1781,Central,Winsted at White Rock,600,12/19/2017,UA-83547238-8,178534165,White Oak Partners,314
a078000000W86cLAAR,a2i80000003Uyte,PGM-77660,1894,Northern California,599 Castro,0,10/28/2018,UA-91327653-41,181619891,The Sobrato Organization,12
a078000000Wtt9DAAR,a2i800000053RFM,PGM-81003,1936,Southern California,Alexan CTR City,0,12/21/2018,UA-93239903-48,186824277,Trammell Crow Residential,220
a078000000VEvUuAAL,a2i80000003U6Pc,PGM-65469,1851,Southern California,Alexan Millenia,0,7/25/2018,UA-93239903-22,176327190,Trammell Crow Residential,309
a0780000003RyqQAAS,a2i80000003TnKo,PGM-64350,1784,Southwest,Broadstone Talavera,0,12/8/2017,UA-28667017-1,171854811,Blackstone Group,350
a078000000VENEoAAP,a2i80000003Tncg,PGM-64498,1802,Southern California,Lasselle Place,0,1/2/2018,UA-57270690-1,94614351,4G Ventures,304
a078000000WtrCVAAZ,a2i800000053Qau,PGM-80738,1918,Southwest,Morada West,0,9/21/2018,UA-107271747-15,182199619,TruAmerica,428
a078000000WtqZTAAZ,a2i800000053QXf,PGM-80685,1928,Southwest,Elysian at Flamingo,0,11/26/2018,UA-28080357-18,184314003,The Calida Group,360
a078000000SpVfCAAV,a2i80000003UB2F,PGM-70044,1887,Central,Broadstone on Fifth (5th),0,12/17/2018,UA-83547238-10,178513190,Alliance Residential Company,345
a078000000TxWzEAAV,a2i80000003UB7B,PGM-70340,1741,Mountain,Coventry Townhomes,0,3/27/2019,UA-119885607-14,191392763,Wright Development Group,55
a078000000VFpYRAA1,a2i80000003UAtd,PGM-69600,1829,Mountain,Ascent in Cottonwood,1200,4/3/2018,UA-85533256-22,172576345,Buchanan Street Partners,160
a078000000RyrflAAB,a2i80000003Uwer,PGM-76490,1885,Southwest,The Lofts at Westgate,0,6/12/2018,UA-107271747-5,167380011,YAM Properties,76
a078000000W7ggYAAR,a2i80000003UxTz,PGM-76652,1893,Mountain,Verona Park,0,7/30/2018,UA-34798102-17,180246757,"Pathfinder Partners, LLC",119
a078000000Rox1rAAB,a2i2E0000053fkh,PGM-85921,2042,Mountain,Broadstone Montane,0,1/17/2019,UA-34798102-16,178098620,Starlight Investments Ltd.,400
a078000000U1hvaAAB,a2i80000003UCGV,PGM-70694,1836,Mountain,City Garden Apartments,0,3/8/2018,UA-85533256-12,171182952,Lowe Property Group,61
a0780000003RyrZAAS,a2i80000003Uugn,PGM-76173,403,Southern California,Stone Canyon (California),0,5/11/2018,UA-36351582-1,188086309,St. Regis Properties,208
a078000000U1WrtAAF,a2i2E0000053XVC,PGM-83554,1998,Southwest,Park View,0,12/14/2018,UA-86860765-8,158779062,TruAmerica,196
a078000000U1WroAAF,a2i2E0000053XW3,PGM-83607,1997,Southwest,Highland Park,0,12/14/2018,UA-86860765-9,158753732,TruAmerica,276
a072E00000Wubh7QAB,a2i2E0000053fw3,PGM-85973,2048,Northern California,Alvista at the Bridge,0,2/21/2019,UA-91327653-51,191835145,"Phoenix Realty Group, LLC",544
a072E00000XZYqnQAH,a2i2E000004ui5T,PGM-87269,2076,Southwest,Cornerstone Ranch,0,4/1/2019,UA-107271747-25,192419096,Brookfield Asset Management Inc.,224
